studentId,courseCode
100000,UNI201
100000,CSE143
100000,UNI205
100000,CSE142
100000,CSE141
100001,UNI212
100001,CSE143
100001,CSE142
100001,UNI209
100001,CSE141
100002,CSE161
100002,UNI210
100002,UNI212
100002,CSE163
100002,CSE162
100003,MATH123
100003,CSE143
100003,UNI207
100003,CSE142
100003,UNI209
100003,CSE141
100004,MATH101
100004,CSE143
100004,UNI208
100004,CSE142
100004,UNI209
100004,CSE141
100005,CSE161
100005,UNI212
100005,UNI208
100005,CSE163
100005,CSE162
100006,CSE122
100006,CSE121
100006,UNI211
100006,CSE123
100006,MATH102
100006,UNI204
100007,CSE101
100007,UNI202
100007,CSE102
100007,CSE103
100007,UNI201
100008,CSE122
100008,CSE121
100008,MATH123
100008,CSE123
100008,UNI211
100008,UNI205
100009,CSE101
100009,CSE102
100009,CSE103
100009,UNI201
100009,UNI211
100010,CSE161
100010,UNI209
100010,UNI212
100010,MATH102
100010,CSE163
100010,CSE162
100011,CSE101
100011,UNI202
100011,MATH123
100011,CSE102
100011,CSE103
100011,UNI211
100012,UNI203
100012,CSE143
100012,UNI207
100012,MATH102
100012,CSE142
100012,CSE141
100013,MATH103
100013,UNI212
100013,CSE143
100013,CSE142
100013,UNI209
100013,CSE141
100014,CSE161
100014,UNI212
100014,UNI202
100014,MATH102
100014,CSE163
100014,CSE162
100015,CSE122
100015,UNI202
100015,CSE121
100015,CSE123
100015,MATH102
100015,UNI205
100016,UNI203
100016,CSE143
100016,CSE142
100016,UNI209
100016,CSE141
100017,CSE122
100017,MATH123
100017,UNI206
100017,CSE121
100017,UNI208
100017,CSE123
100018,CSE122
100018,UNI206
100018,CSE121
100018,CSE123
100018,MATH102
100018,UNI205
100019,CSE101
100019,UNI202
100019,UNI208
100019,CSE102
100019,CSE103
100020,CSE161
100020,UNI210
100020,MATH101
100020,UNI211
100020,CSE163
100020,CSE162
100021,UNI206
100021,CSE143
100021,UNI208
100021,CSE142
100021,CSE141
100022,CSE101
100022,UNI202
100022,MATH103
100022,CSE102
100022,CSE103
100022,UNI201
100023,CSE101
100023,CSE102
100023,CSE103
100023,MATH102
100023,UNI201
100023,UNI203
100024,CSE101
100024,CSE102
100024,CSE103
100024,UNI201
100024,UNI205
100025,CSE122
100025,CSE121
100025,MATH121
100025,CSE123
100025,UNI204
100025,UNI205
100026,CSE122
100026,CSE121
100026,MATH123
100026,CSE123
100026,UNI204
100026,UNI205
100027,CSE161
100027,UNI204
100027,MATH103
100027,UNI212
100027,CSE163
100027,CSE162
100028,CSE122
100028,CSE121
100028,UNI212
100028,CSE123
100028,UNI211
100029,CSE143
100029,UNI207
100029,CSE142
100029,UNI209
100029,CSE141
100030,CSE161
100030,MATH122
100030,UNI210
100030,UNI212
100030,CSE163
100030,CSE162
100031,CSE122
100031,MATH123
100031,UNI206
100031,CSE121
100031,UNI208
100031,CSE123
100032,CSE101
100032,MATH101
100032,CSE102
100032,CSE103
100032,UNI201
100032,UNI211
100033,CSE122
100033,UNI206
100033,CSE121
100033,CSE123
100033,UNI204
100034,CSE101
100034,UNI208
100034,CSE102
100034,CSE103
100034,UNI201
100035,CSE122
100035,UNI206
100035,CSE121
100035,MATH121
100035,UNI207
100035,CSE123
100036,MATH101
100036,UNI206
100036,CSE143
100036,UNI207
100036,CSE142
100036,CSE141
100037,CSE122
100037,UNI202
100037,UNI206
100037,CSE121
100037,CSE123
100038,CSE122
100038,UNI202
100038,CSE121
100038,CSE123
100038,UNI205
100039,CSE161
100039,UNI208
100039,CSE163
100039,CSE162
100039,UNI205
100040,CSE161
100040,MATH101
100040,UNI211
100040,UNI205
100040,CSE163
100040,CSE162
100041,CSE101
100041,CSE102
100041,CSE103
100041,UNI201
100041,UNI211
100042,CSE161
100042,UNI212
100042,UNI211
100042,CSE163
100042,CSE162
100043,CSE101
100043,UNI202
100043,UNI206
100043,MATH121
100043,CSE102
100043,CSE103
100044,CSE161
100044,UNI210
100044,MATH123
100044,UNI208
100044,CSE163
100044,CSE162
100045,CSE122
100045,UNI206
100045,CSE121
100045,UNI212
100045,CSE123
100046,CSE161
100046,MATH103
100046,UNI212
100046,UNI211
100046,CSE163
100046,CSE162
100047,CSE122
100047,UNI210
100047,CSE121
100047,MATH121
100047,CSE123
100047,UNI204
100048,CSE122
100048,UNI202
100048,CSE121
100048,MATH123
100048,CSE123
100048,UNI204
100049,CSE101
100049,MATH123
100049,CSE102
100049,CSE103
100049,UNI201
100049,UNI203
100050,CSE101
100050,UNI210
100050,MATH123
100050,CSE102
100050,CSE103
100050,UNI201
100051,CSE122
100051,CSE121
100051,UNI207
100051,CSE123
100051,UNI205
100052,CSE161
100052,UNI212
100052,CSE163
100052,UNI201
100052,CSE162
100053,CSE101
100053,MATH103
100053,CSE102
100053,CSE103
100053,UNI201
100053,UNI203
100054,CSE101
100054,UNI204
100054,CSE102
100054,CSE103
100054,MATH102
100054,UNI209
100055,CSE161
100055,UNI210
100055,UNI212
100055,MATH121
100055,CSE163
100055,CSE162
100056,CSE161
100056,UNI206
100056,MATH121
100056,UNI211
100056,CSE163
100056,CSE162
100057,CSE143
100057,UNI207
100057,CSE142
100057,UNI209
100057,CSE141
100058,CSE101
100058,UNI210
100058,MATH123
100058,CSE102
100058,CSE103
100058,UNI205
100059,CSE101
100059,UNI202
100059,UNI206
100059,CSE102
100059,CSE103
100060,CSE122
100060,CSE121
100060,CSE123
100060,UNI209
100060,UNI205
100061,CSE101
100061,UNI202
100061,MATH103
100061,UNI206
100061,CSE102
100061,CSE103
100062,CSE101
100062,CSE102
100062,CSE103
100062,UNI211
100062,UNI205
100063,CSE101
100063,UNI208
100063,CSE102
100063,CSE103
100063,UNI201
100064,CSE101
100064,UNI202
100064,MATH121
100064,CSE102
100064,CSE103
100064,UNI205
100065,CSE161
100065,UNI210
100065,UNI208
100065,CSE163
100065,CSE162
100066,CSE143
100066,UNI207
100066,MATH122
100066,CSE142
100066,UNI211
100066,CSE141
100067,UNI203
100067,CSE143
100067,UNI207
100067,CSE142
100067,CSE141
100068,CSE161
100068,UNI212
100068,UNI211
100068,CSE163
100068,CSE162
100069,CSE161
100069,UNI210
100069,MATH121
100069,UNI211
100069,CSE163
100069,CSE162
100070,CSE101
100070,CSE102
100070,CSE103
100070,UNI201
100070,UNI203
100071,CSE101
100071,UNI208
100071,CSE102
100071,CSE103
100071,UNI203
100072,CSE122
100072,CSE121
100072,UNI212
100072,CSE123
100072,UNI209
100073,CSE122
100073,CSE121
100073,UNI211
100073,CSE123
100073,UNI209
100074,CSE122
100074,UNI206
100074,CSE121
100074,CSE123
100074,UNI205
100075,CSE122
100075,UNI209
100075,CSE121
100075,CSE123
100075,UNI211
100076,UNI206
100076,CSE143
100076,CSE142
100076,UNI209
100076,CSE141
100077,CSE101
100077,MATH121
100077,CSE102
100077,CSE103
100077,UNI205
100077,UNI207
100078,CSE101
100078,CSE102
100078,CSE103
100078,UNI201
100078,UNI203
100079,CSE101
100079,UNI202
100079,CSE102
100079,CSE103
100079,UNI201
100080,CSE122
100080,UNI206
100080,CSE121
100080,CSE123
100080,UNI205
100081,CSE122
100081,UNI202
100081,CSE121
100081,CSE123
100081,MATH122
100081,UNI205
100082,MATH123
100082,UNI212
100082,CSE143
100082,CSE142
100082,UNI209
100082,CSE141
100083,UNI206
100083,MATH121
100083,CSE143
100083,UNI208
100083,CSE142
100083,CSE141
100084,CSE161
100084,UNI204
100084,UNI211
100084,CSE163
100084,CSE162
100085,CSE101
100085,UNI202
100085,UNI208
100085,CSE102
100085,CSE103
100085,MATH102
100086,UNI212
100086,CSE143
100086,UNI207
100086,MATH122
100086,CSE142
100086,CSE141
100087,CSE161
100087,UNI210
100087,MATH121
100087,UNI205
100087,CSE163
100087,CSE162
100088,CSE101
100088,MATH123
100088,CSE102
100088,CSE103
100088,UNI201
100088,UNI203
100089,CSE101
100089,UNI210
100089,MATH101
100089,CSE102
100089,CSE103
100089,UNI203
100090,CSE122
100090,UNI204
100090,CSE121
100090,CSE123
100090,MATH122
100090,UNI209
100091,CSE101
100091,CSE102
100091,CSE103
100091,MATH102
100091,UNI203
100091,UNI209
100092,CSE101
100092,CSE102
100092,CSE103
100092,MATH122
100092,UNI201
100092,UNI204
100093,CSE122
100093,MATH103
100093,UNI206
100093,CSE121
100093,CSE123
100093,UNI209
100094,CSE161
100094,UNI204
100094,UNI211
100094,CSE163
100094,CSE162
100095,CSE122
100095,UNI206
100095,CSE121
100095,MATH123
100095,CSE123
100095,UNI205
100096,CSE161
100096,UNI210
100096,UNI205
100096,CSE163
100096,CSE162
100097,MATH101
100097,UNI201
100097,CSE143
100097,UNI208
100097,CSE142
100097,CSE141
100098,CSE143
100098,UNI207
100098,CSE142
100098,UNI209
100098,CSE141
100099,CSE161
100099,UNI204
100099,MATH123
100099,UNI211
100099,CSE163
100099,CSE162
100100,CSE122
100100,CSE121
100100,MATH123
100100,UNI207
100100,CSE123
100100,UNI204
100101,MATH103
100101,UNI206
100101,CSE143
100101,CSE142
100101,UNI209
100101,CSE141
100102,CSE122
100102,UNI202
100102,CSE121
100102,MATH121
100102,CSE123
100102,UNI204
100103,CSE161
100103,MATH101
100103,UNI212
100103,UNI207
100103,CSE163
100103,CSE162
100104,CSE101
100104,UNI202
100104,CSE102
100104,CSE103
100104,UNI209
100105,CSE161
100105,UNI206
100105,UNI211
100105,CSE163
100105,CSE162
100106,CSE101
100106,UNI210
100106,MATH123
100106,CSE102
100106,CSE103
100106,UNI203
100107,CSE122
100107,CSE121
100107,UNI208
100107,MATH121
100107,CSE123
100107,UNI205
100108,CSE101
100108,CSE102
100108,CSE103
100108,UNI203
100108,UNI209
100109,CSE161
100109,MATH122
100109,UNI211
100109,CSE163
100109,UNI201
100109,CSE162
100110,CSE161
100110,UNI209
100110,MATH123
100110,UNI207
100110,CSE163
100110,CSE162
100111,CSE101
100111,UNI212
100111,CSE102
100111,CSE103
100111,MATH102
100111,UNI203
100112,CSE122
100112,UNI206
100112,CSE121
100112,CSE123
100112,MATH122
100112,UNI205
100113,CSE161
100113,UNI209
100113,UNI212
100113,MATH123
100113,CSE163
100113,CSE162
100114,CSE122
100114,UNI202
100114,CSE121
100114,CSE123
100114,UNI205
100115,CSE101
100115,UNI206
100115,CSE102
100115,CSE103
100115,UNI201
100116,CSE143
100116,UNI208
100116,CSE142
100116,UNI209
100116,CSE141
100117,MATH103
100117,CSE143
100117,UNI205
100117,CSE142
100117,UNI209
100117,CSE141
100118,CSE161
100118,UNI211
100118,CSE163
100118,UNI203
100118,CSE162
100119,CSE122
100119,CSE121
100119,MATH123
100119,UNI211
100119,CSE123
100119,UNI204
100120,CSE161
100120,UNI210
100120,UNI211
100120,CSE163
100120,CSE162
100121,CSE143
100121,UNI208
100121,CSE142
100121,UNI209
100121,CSE141
100122,CSE101
100122,CSE102
100122,CSE103
100122,UNI201
100122,UNI203
100123,CSE122
100123,UNI206
100123,CSE121
100123,CSE123
100123,UNI205
100124,CSE143
100124,UNI208
100124,CSE142
100124,UNI209
100124,CSE141
100125,CSE161
100125,UNI209
100125,UNI205
100125,CSE163
100125,CSE162
100126,CSE161
100126,UNI210
100126,UNI207
100126,CSE163
100126,CSE162
100127,CSE143
100127,UNI207
100127,MATH122
100127,CSE142
100127,UNI209
100127,CSE141
100128,CSE143
100128,UNI208
100128,CSE142
100128,UNI204
100128,CSE141
100129,CSE143
100129,UNI208
100129,CSE142
100129,UNI209
100129,CSE141
100130,CSE122
100130,MATH103
100130,CSE121
100130,UNI208
100130,CSE123
100130,UNI205
100131,CSE122
100131,UNI206
100131,CSE121
100131,CSE123
100131,UNI201
100132,CSE101
100132,UNI206
100132,UNI208
100132,MATH123
100132,CSE102
100132,CSE103
100133,CSE122
100133,UNI204
100133,CSE121
100133,CSE123
100133,MATH122
100133,UNI209
100134,CSE161
100134,MATH121
100134,UNI207
100134,UNI211
100134,CSE163
100134,CSE162
100135,CSE101
100135,MATH121
100135,CSE102
100135,CSE103
100135,UNI201
100135,UNI209
100136,CSE122
100136,MATH101
100136,CSE121
100136,CSE123
100136,UNI201
100136,UNI209
100137,CSE161
100137,UNI210
100137,MATH103
100137,UNI209
100137,CSE163
100137,CSE162
100138,CSE122
100138,UNI210
100138,CSE121
100138,CSE123
100138,UNI205
100139,CSE122
100139,MATH123
100139,CSE121
100139,UNI208
100139,UNI212
100139,CSE123
100140,CSE143
100140,UNI207
100140,UNI208
100140,MATH102
100140,CSE142
100140,CSE141
100141,CSE161
100141,MATH103
100141,UNI211
100141,CSE163
100141,UNI203
100141,CSE162
100142,CSE122
100142,CSE121
100142,CSE123
100142,UNI209
100142,UNI205
100143,MATH121
100143,CSE143
100143,UNI207
100143,UNI208
100143,CSE142
100143,CSE141
100144,CSE161
100144,MATH122
100144,UNI210
100144,UNI212
100144,CSE163
100144,CSE162
100145,CSE161
100145,UNI210
100145,UNI211
100145,CSE163
100145,CSE162
100146,CSE122
100146,UNI206
100146,CSE121
100146,MATH121
100146,CSE123
100146,UNI204
100147,UNI201
100147,CSE143
100147,UNI208
100147,CSE142
100147,CSE141
100148,CSE122
100148,CSE121
100148,MATH121
100148,UNI207
100148,CSE123
100148,UNI205
100149,CSE161
100149,UNI210
100149,UNI211
100149,MATH102
100149,CSE163
100149,CSE162
100150,CSE101
100150,UNI210
100150,MATH101
100150,CSE102
100150,CSE103
100150,UNI209
100151,CSE143
100151,UNI208
100151,CSE142
100151,UNI209
100151,CSE141
100152,CSE161
100152,MATH103
100152,UNI206
100152,UNI212
100152,CSE163
100152,CSE162
100153,CSE161
100153,UNI212
100153,UNI211
100153,CSE163
100153,CSE162
100154,CSE101
100154,MATH101
100154,CSE102
100154,CSE103
100154,UNI204
100154,UNI207
100155,CSE161
100155,UNI209
100155,CSE163
100155,UNI201
100155,CSE162
100156,UNI206
100156,CSE143
100156,UNI207
100156,MATH122
100156,CSE142
100156,CSE141
100157,CSE122
100157,CSE121
100157,UNI212
100157,CSE123
100157,UNI205
100158,UNI209
100158,CSE143
100158,MATH122
100158,CSE142
100158,UNI204
100158,CSE141
100159,CSE101
100159,MATH123
100159,CSE102
100159,CSE103
100159,UNI201
100159,UNI205
100160,CSE161
100160,UNI212
100160,MATH123
100160,UNI202
100160,CSE163
100160,CSE162
100161,CSE122
100161,CSE121
100161,CSE123
100161,UNI204
100161,UNI205
100162,CSE101
100162,UNI210
100162,CSE102
100162,CSE103
100162,UNI201
100163,CSE101
100163,MATH103
100163,CSE102
100163,CSE103
100163,UNI201
100163,UNI203
100164,CSE122
100164,CSE121
100164,MATH121
100164,CSE123
100164,UNI204
100164,UNI205
100165,CSE101
100165,UNI210
100165,CSE102
100165,CSE103
100165,MATH102
100165,UNI211
100166,CSE143
100166,UNI207
100166,UNI208
100166,CSE142
100166,CSE141
100167,CSE143
100167,UNI207
100167,UNI208
100167,CSE142
100167,CSE141
100168,UNI206
100168,CSE143
100168,UNI207
100168,CSE142
100168,CSE141
100169,CSE101
100169,CSE102
100169,CSE103
100169,MATH102
100169,UNI201
100169,UNI203
100170,CSE101
100170,UNI202
100170,CSE102
100170,CSE103
100170,MATH122
100170,UNI209
100171,CSE101
100171,UNI202
100171,CSE102
100171,CSE103
100171,UNI201
100172,CSE122
100172,UNI206
100172,CSE121
100172,MATH121
100172,CSE123
100172,UNI204
100173,CSE122
100173,MATH101
100173,UNI206
100173,CSE121
100173,CSE123
100173,UNI205
100174,CSE161
100174,UNI209
100174,UNI212
100174,CSE163
100174,CSE162
100175,CSE122
100175,CSE121
100175,UNI208
100175,UNI207
100175,CSE123
100176,MATH103
100176,CSE143
100176,UNI207
100176,CSE142
100176,UNI209
100176,CSE141
100177,CSE101
100177,UNI202
100177,MATH103
100177,CSE102
100177,CSE103
100177,UNI201
100178,CSE101
100178,MATH121
100178,CSE102
100178,CSE103
100178,UNI201
100178,UNI203
100179,MATH103
100179,CSE143
100179,UNI207
100179,CSE142
100179,UNI211
100179,CSE141
100180,CSE161
100180,UNI204
100180,UNI210
100180,MATH102
100180,CSE163
100180,CSE162
100181,CSE122
100181,UNI206
100181,CSE121
100181,CSE123
100181,MATH102
100181,UNI205
100182,CSE101
100182,UNI210
100182,UNI206
100182,CSE102
100182,CSE103
100183,CSE143
100183,UNI207
100183,CSE142
100183,UNI209
100183,CSE141
100184,UNI201
100184,CSE143
100184,MATH122
100184,CSE142
100184,UNI209
100184,CSE141
100185,UNI203
100185,CSE143
100185,MATH122
100185,CSE142
100185,UNI209
100185,CSE141
100186,CSE161
100186,UNI210
100186,UNI209
100186,CSE163
100186,CSE162
100187,MATH101
100187,UNI201
100187,CSE143
100187,UNI207
100187,CSE142
100187,CSE141
100188,CSE161
100188,UNI210
100188,UNI208
100188,MATH102
100188,CSE163
100188,CSE162
100189,CSE143
100189,UNI202
100189,CSE142
100189,UNI209
100189,CSE141
100190,CSE161
100190,MATH122
100190,UNI210
100190,UNI211
100190,CSE163
100190,CSE162
100191,UNI203
100191,MATH123
100191,CSE143
100191,CSE142
100191,UNI209
100191,CSE141
100192,CSE101
100192,UNI202
100192,CSE102
100192,CSE103
100192,MATH102
100192,UNI201
100193,CSE122
100193,UNI210
100193,UNI206
100193,CSE121
100193,CSE123
100194,CSE161
100194,UNI209
100194,UNI211
100194,CSE163
100194,CSE162
100195,CSE161
100195,UNI208
100195,MATH102
100195,CSE163
100195,UNI203
100195,CSE162
100196,CSE161
100196,MATH122
100196,UNI209
100196,UNI212
100196,CSE163
100196,CSE162
100197,MATH103
100197,CSE143
100197,UNI207
100197,UNI208
100197,CSE142
100197,CSE141
100198,MATH103
100198,CSE143
100198,UNI202
100198,CSE142
100198,UNI211
100198,CSE141
100199,CSE122
100199,MATH103
100199,UNI206
100199,CSE121
100199,UNI212
100199,CSE123
100200,CSE161
100200,UNI210
100200,MATH123
100200,UNI211
100200,CSE163
100200,CSE162
100201,CSE122
100201,UNI206
100201,CSE121
100201,CSE123
100201,UNI204
100202,CSE161
100202,MATH122
100202,UNI211
100202,CSE163
100202,UNI203
100202,CSE162
100203,MATH103
100203,CSE143
100203,UNI207
100203,UNI208
100203,CSE142
100203,CSE141
100204,CSE122
100204,UNI206
100204,CSE121
100204,CSE123
100204,UNI204
100205,CSE143
100205,UNI205
100205,MATH102
100205,CSE142
100205,UNI209
100205,CSE141
100206,UNI201
100206,CSE143
100206,CSE142
100206,UNI209
100206,CSE141
100207,MATH101
100207,CSE143
100207,UNI208
100207,CSE142
100207,UNI204
100207,CSE141
100208,MATH101
100208,CSE143
100208,UNI207
100208,UNI208
100208,CSE142
100208,CSE141
100209,CSE122
100209,UNI202
100209,UNI206
100209,CSE121
100209,CSE123
100210,CSE143
100210,UNI208
100210,MATH102
100210,CSE142
100210,UNI209
100210,CSE141
100211,CSE122
100211,UNI206
100211,CSE121
100211,CSE123
100211,UNI209
100212,CSE161
100212,UNI212
100212,UNI211
100212,MATH102
100212,CSE163
100212,CSE162
100213,UNI212
100213,CSE143
100213,CSE142
100213,UNI209
100213,CSE141
100214,UNI209
100214,CSE143
100214,CSE142
100214,UNI211
100214,CSE141
100215,CSE122
100215,UNI206
100215,CSE121
100215,MATH121
100215,CSE123
100215,UNI205
100216,CSE122
100216,UNI206
100216,CSE121
100216,CSE123
100216,MATH102
100216,UNI204
100217,CSE101
100217,UNI206
100217,CSE102
100217,CSE103
100217,UNI203
100218,CSE122
100218,UNI206
100218,CSE121
100218,CSE123
100218,UNI205
100219,CSE101
100219,CSE102
100219,CSE103
100219,MATH122
100219,UNI203
100219,UNI204
100220,CSE161
100220,UNI212
100220,UNI211
100220,CSE163
100220,CSE162
100221,CSE143
100221,UNI208
100221,MATH122
100221,CSE142
100221,UNI209
100221,CSE141
100222,CSE143
100222,UNI205
100222,CSE142
100222,UNI211
100222,CSE141
100223,CSE101
100223,UNI202
100223,MATH123
100223,CSE102
100223,CSE103
100223,UNI204
100224,CSE101
100224,UNI210
100224,MATH103
100224,CSE102
100224,CSE103
100224,UNI201
100225,CSE122
100225,MATH101
100225,UNI206
100225,CSE121
100225,CSE123
100225,UNI205
100226,UNI212
100226,CSE143
100226,CSE142
100226,UNI209
100226,CSE141
100227,CSE101
100227,UNI202
100227,MATH121
100227,CSE102
100227,CSE103
100227,UNI201
100228,CSE122
100228,CSE121
100228,UNI208
100228,CSE123
100228,UNI204
100229,CSE161
100229,UNI206
100229,CSE163
100229,UNI203
100229,CSE162
100230,CSE161
100230,UNI209
100230,UNI208
100230,CSE163
100230,CSE162
100231,CSE101
100231,UNI202
100231,MATH121
100231,CSE102
100231,CSE103
100231,UNI207
100232,CSE122
100232,UNI206
100232,CSE121
100232,CSE123
100232,MATH102
100232,UNI205
100233,CSE101
100233,UNI202
100233,UNI208
100233,CSE102
100233,CSE103
100234,CSE122
100234,MATH103
100234,UNI206
100234,CSE121
100234,CSE123
100234,UNI211
100235,CSE122
100235,UNI206
100235,CSE121
100235,MATH121
100235,CSE123
100235,UNI205
100236,CSE161
100236,UNI210
100236,UNI211
100236,MATH102
100236,CSE163
100236,CSE162
100237,UNI210
100237,CSE143
100237,CSE142
100237,UNI209
100237,CSE141
100238,MATH123
100238,CSE143
100238,UNI207
100238,CSE142
100238,UNI209
100238,CSE141
100239,CSE101
100239,UNI206
100239,CSE102
100239,CSE103
100239,UNI201
100240,CSE122
100240,UNI202
100240,CSE121
100240,UNI212
100240,CSE123
100240,MATH122
100241,CSE122
100241,UNI206
100241,CSE121
100241,UNI208
100241,CSE123
100242,CSE122
100242,UNI206
100242,CSE121
100242,CSE123
100242,UNI205
100243,CSE122
100243,CSE121
100243,CSE123
100243,MATH122
100243,UNI204
100243,UNI205
100244,CSE143
100244,UNI207
100244,UNI208
100244,MATH102
100244,CSE142
100244,CSE141
100245,CSE161
100245,UNI210
100245,MATH123
100245,UNI205
100245,CSE163
100245,CSE162
100246,UNI203
100246,CSE143
100246,UNI207
100246,CSE142
100246,CSE141
100247,CSE161
100247,UNI206
100247,UNI212
100247,MATH123
100247,CSE163
100247,CSE162
100248,CSE101
100248,MATH123
100248,CSE102
100248,CSE103
100248,UNI201
100248,UNI209
100249,UNI206
100249,CSE143
100249,MATH102
100249,CSE142
100249,UNI211
100249,CSE141
100250,CSE122
100250,MATH101
100250,UNI206
100250,CSE121
100250,CSE123
100250,UNI205
100251,CSE101
100251,UNI210
100251,MATH123
100251,CSE102
100251,CSE103
100251,UNI211
100252,CSE101
100252,CSE102
100252,CSE103
100252,UNI201
100252,UNI203
100253,CSE161
100253,UNI204
100253,UNI210
100253,CSE163
100253,CSE162
100254,CSE161
100254,UNI210
100254,CSE163
100254,UNI201
100254,CSE162
100255,CSE161
100255,UNI210
100255,MATH123
100255,CSE163
100255,UNI201
100255,CSE162
100256,MATH123
100256,CSE143
100256,UNI208
100256,UNI205
100256,CSE142
100256,CSE141
100257,CSE122
100257,CSE121
100257,UNI207
100257,CSE123
100257,MATH102
100257,UNI209
100258,CSE161
100258,MATH123
100258,UNI211
100258,CSE163
100258,UNI203
100258,CSE162
100259,CSE101
100259,UNI210
100259,CSE102
100259,CSE103
100259,UNI201
100260,UNI203
100260,UNI212
100260,CSE143
100260,CSE142
100260,CSE141
100261,CSE101
100261,MATH103
100261,CSE102
100261,CSE103
100261,UNI201
100261,UNI209
100262,CSE101
100262,UNI202
100262,CSE102
100262,CSE103
100262,UNI211
100263,CSE161
100263,UNI209
100263,UNI212
100263,MATH121
100263,CSE163
100263,CSE162
100264,CSE143
100264,UNI207
100264,UNI208
100264,MATH122
100264,CSE142
100264,CSE141
100265,CSE161
100265,MATH103
100265,UNI211
100265,CSE163
100265,UNI201
100265,CSE162
100266,MATH121
100266,CSE143
100266,UNI208
100266,CSE142
100266,UNI209
100266,CSE141
100267,CSE143
100267,UNI208
100267,CSE142
100267,UNI209
100267,CSE141
100268,CSE101
100268,UNI202
100268,CSE102
100268,CSE103
100268,MATH122
100268,UNI203
100269,CSE122
100269,UNI202
100269,CSE121
100269,MATH123
100269,CSE123
100269,UNI205
100270,CSE101
100270,UNI212
100270,CSE102
100270,CSE103
100270,MATH122
100270,UNI203
100271,CSE101
100271,UNI202
100271,CSE102
100271,CSE103
100271,UNI201
100272,CSE161
100272,UNI207
100272,UNI202
100272,CSE163
100272,CSE162
100273,CSE161
100273,MATH122
100273,UNI207
100273,UNI211
100273,CSE163
100273,CSE162
100274,MATH123
100274,CSE143
100274,UNI207
100274,CSE142
100274,UNI209
100274,CSE141
100275,CSE161
100275,MATH103
100275,UNI212
100275,UNI207
100275,CSE163
100275,CSE162
100276,CSE122
100276,UNI206
100276,CSE121
100276,MATH123
100276,CSE123
100276,UNI203
100277,CSE122
100277,UNI206
100277,CSE121
100277,MATH121
100277,CSE123
100277,UNI201
100278,CSE161
100278,MATH121
100278,UNI211
100278,CSE163
100278,UNI203
100278,CSE162
100279,UNI210
100279,CSE143
100279,CSE142
100279,UNI209
100279,CSE141
100280,CSE143
100280,UNI207
100280,CSE142
100280,UNI211
100280,CSE141
100281,CSE161
100281,UNI210
100281,UNI211
100281,CSE163
100281,CSE162
100282,CSE161
100282,MATH123
100282,UNI207
100282,UNI211
100282,CSE163
100282,CSE162
100283,CSE161
100283,UNI212
100283,CSE163
100283,UNI203
100283,CSE162
100284,CSE122
100284,UNI210
100284,UNI206
100284,CSE121
100284,CSE123
100285,CSE161
100285,MATH101
100285,UNI206
100285,UNI211
100285,CSE163
100285,CSE162
100286,CSE101
100286,UNI202
100286,MATH101
100286,CSE102
100286,CSE103
100286,UNI203
100287,CSE161
100287,MATH122
100287,UNI210
100287,UNI208
100287,CSE163
100287,CSE162
100288,CSE161
100288,UNI204
100288,MATH122
100288,UNI209
100288,CSE163
100288,CSE162
100289,UNI201
100289,UNI212
100289,CSE143
100289,CSE142
100289,CSE141
100290,CSE101
100290,UNI202
100290,MATH123
100290,CSE102
100290,CSE103
100290,UNI201
100291,CSE101
100291,UNI210
100291,UNI202
100291,MATH123
100291,CSE102
100291,CSE103
100292,CSE122
100292,CSE121
100292,MATH123
100292,UNI211
100292,CSE123
100292,UNI204
100293,CSE143
100293,UNI207
100293,CSE142
100293,UNI204
100293,CSE141
100294,CSE161
100294,MATH121
100294,UNI211
100294,UNI208
100294,CSE163
100294,CSE162
100295,CSE161
100295,UNI210
100295,MATH121
100295,UNI211
100295,CSE163
100295,CSE162
100296,CSE101
100296,UNI212
100296,MATH123
100296,CSE102
100296,CSE103
100296,UNI203
100297,CSE122
100297,CSE121
100297,CSE123
100297,UNI209
100297,UNI205
100298,CSE101
100298,UNI202
100298,MATH121
100298,CSE102
100298,CSE103
100298,UNI201
100299,CSE101
100299,CSE102
100299,CSE103
100299,UNI203
100299,UNI211
100300,MATH121
100300,EEE142
100300,EEE141
100300,UNI208
100300,EEE143
100300,UNI204
100301,UNI210
100301,MATH123
100301,EEE142
100301,EEE141
100301,UNI205
100301,EEE143
100302,MATH123
100302,EEE142
100302,EEE141
100302,UNI208
100302,EEE143
100302,UNI209
100303,EEE122
100303,UNI207
100303,UNI205
100303,EEE121
100303,EEE123
100304,UNI206
100304,UNI212
100304,EEE162
100304,EEE163
100304,MATH102
100304,EEE161
100305,EEE122
100305,MATH123
100305,UNI205
100305,EEE121
100305,EEE123
100305,UNI204
100306,MATH101
100306,EEE162
100306,EEE163
100306,EEE161
100306,UNI211
100306,UNI203
100307,MATH123
100307,UNI212
100307,EEE162
100307,EEE163
100307,EEE161
100307,UNI211
100308,EEE122
100308,MATH122
100308,UNI202
100308,UNI205
100308,EEE121
100308,EEE123
100309,UNI210
100309,EEE162
100309,EEE163
100309,UNI208
100309,MATH102
100309,EEE161
100310,UNI212
100310,EEE162
100310,EEE163
100310,EEE161
100310,UNI203
100311,EEE122
100311,UNI207
100311,EEE121
100311,EEE123
100311,UNI204
100312,EEE142
100312,EEE141
100312,EEE143
100312,UNI209
100312,UNI203
100313,UNI210
100313,EEE162
100313,EEE163
100313,UNI207
100313,EEE161
100314,UNI206
100314,MATH121
100314,EEE142
100314,EEE141
100314,EEE143
100314,UNI209
100315,MATH123
100315,UNI212
100315,EEE162
100315,EEE163
100315,EEE161
100315,UNI204
100316,UNI212
100316,EEE162
100316,EEE163
100316,UNI207
100316,MATH121
100316,EEE161
100317,UNI208
100317,EEE142
100317,EEE141
100317,UNI205
100317,MATH122
100317,EEE143
100318,UNI210
100318,EEE162
100318,EEE163
100318,MATH122
100318,EEE161
100318,UNI209
100319,EEE103
100319,MATH121
100319,EEE101
100319,EEE102
100319,UNI201
100319,UNI203
100320,EEE142
100320,EEE141
100320,UNI208
100320,EEE143
100320,UNI209
100321,EEE142
100321,EEE141
100321,EEE143
100321,UNI209
100321,UNI207
100322,UNI209
100322,EEE142
100322,EEE141
100322,EEE143
100322,UNI211
100323,EEE103
100323,MATH121
100323,EEE101
100323,UNI202
100323,EEE102
100323,UNI209
100324,EEE103
100324,UNI206
100324,EEE101
100324,UNI202
100324,EEE102
100325,EEE122
100325,UNI201
100325,EEE121
100325,EEE123
100325,UNI204
100326,EEE142
100326,EEE141
100326,UNI208
100326,EEE143
100326,UNI207
100327,EEE122
100327,UNI206
100327,MATH121
100327,UNI205
100327,EEE121
100327,EEE123
100328,UNI210
100328,MATH123
100328,EEE142
100328,EEE141
100328,UNI208
100328,EEE143
100329,EEE142
100329,EEE141
100329,EEE143
100329,UNI209
100329,UNI207
100330,UNI210
100330,UNI212
100330,EEE162
100330,EEE163
100330,EEE161
100331,EEE103
100331,EEE101
100331,UNI202
100331,EEE102
100331,UNI201
100332,EEE122
100332,UNI205
100332,EEE121
100332,EEE123
100332,UNI204
100333,UNI206
100333,EEE142
100333,EEE141
100333,MATH102
100333,EEE143
100333,UNI209
100334,EEE103
100334,EEE101
100334,UNI205
100334,EEE102
100334,UNI201
100335,EEE103
100335,UNI206
100335,UNI212
100335,EEE101
100335,EEE102
100336,UNI206
100336,UNI212
100336,EEE142
100336,EEE141
100336,EEE143
100337,EEE142
100337,EEE141
100337,UNI208
100337,EEE143
100337,UNI207
100338,UNI212
100338,EEE162
100338,EEE163
100338,UNI205
100338,MATH102
100338,EEE161
100339,UNI210
100339,EEE142
100339,EEE141
100339,EEE143
100339,UNI209
100340,EEE103
100340,UNI210
100340,EEE101
100340,EEE102
100340,UNI203
100341,UNI212
100341,EEE162
100341,EEE163
100341,EEE161
100341,UNI209
100342,EEE103
100342,UNI210
100342,EEE101
100342,MATH102
100342,EEE102
100342,UNI203
100343,UNI210
100343,MATH121
100343,EEE162
100343,EEE163
100343,EEE161
100343,UNI211
100344,EEE122
100344,MATH103
100344,UNI205
100344,EEE121
100344,EEE123
100344,UNI204
100345,UNI206
100345,EEE162
100345,EEE163
100345,EEE161
100345,UNI211
100346,UNI210
100346,EEE162
100346,EEE163
100346,UNI205
100346,EEE161
100347,UNI210
100347,EEE162
100347,EEE163
100347,EEE161
100347,UNI211
100348,EEE162
100348,EEE163
100348,EEE161
100348,UNI211
100348,UNI203
100349,MATH123
100349,EEE142
100349,EEE141
100349,UNI208
100349,EEE143
100349,UNI207
100350,UNI210
100350,EEE162
100350,EEE163
100350,EEE161
100350,UNI209
100351,EEE103
100351,MATH101
100351,EEE101
100351,EEE102
100351,UNI203
100351,UNI209
100352,UNI206
100352,EEE142
100352,EEE141
100352,UNI208
100352,EEE143
100353,UNI201
100353,EEE142
100353,EEE141
100353,UNI205
100353,EEE143
100354,UNI210
100354,MATH103
100354,UNI212
100354,EEE162
100354,EEE163
100354,EEE161
100355,EEE103
100355,EEE101
100355,MATH102
100355,EEE102
100355,UNI201
100355,UNI203
100356,EEE122
100356,MATH101
100356,UNI206
100356,EEE121
100356,EEE123
100356,UNI204
100357,EEE122
100357,UNI206
100357,MATH121
100357,UNI205
100357,EEE121
100357,EEE123
100358,EEE122
100358,UNI205
100358,EEE121
100358,EEE123
100358,UNI204
100359,EEE122
100359,UNI206
100359,UNI205
100359,EEE121
100359,EEE123
100360,EEE103
100360,MATH123
100360,EEE101
100360,UNI202
100360,EEE102
100360,UNI201
100361,EEE122
100361,UNI206
100361,UNI201
100361,EEE121
100361,EEE123
100362,EEE122
100362,UNI206
100362,MATH123
100362,UNI205
100362,EEE121
100362,EEE123
100363,EEE122
100363,UNI212
100363,EEE121
100363,EEE123
100363,UNI204
100364,EEE122
100364,MATH103
100364,UNI206
100364,EEE121
100364,EEE123
100364,UNI204
100365,EEE103
100365,MATH101
100365,EEE101
100365,UNI208
100365,EEE102
100365,UNI201
100366,EEE103
100366,MATH103
100366,EEE101
100366,UNI202
100366,EEE102
100366,UNI209
100367,EEE103
100367,EEE101
100367,MATH102
100367,UNI202
100367,EEE102
100367,UNI201
100368,UNI210
100368,MATH101
100368,UNI212
100368,EEE162
100368,EEE163
100368,EEE161
100369,EEE103
100369,MATH121
100369,EEE101
100369,UNI202
100369,EEE102
100369,UNI211
100370,EEE122
100370,UNI210
100370,UNI205
100370,EEE121
100370,EEE123
100371,MATH121
100371,EEE142
100371,EEE141
100371,UNI205
100371,EEE143
100371,UNI209
100372,EEE103
100372,MATH123
100372,EEE101
100372,UNI202
100372,EEE102
100372,UNI203
100373,UNI210
100373,UNI212
100373,EEE162
100373,EEE163
100373,MATH122
100373,EEE161
100374,EEE162
100374,EEE163
100374,UNI207
100374,EEE161
100374,UNI211
100375,MATH103
100375,UNI206
100375,EEE142
100375,EEE141
100375,EEE143
100375,UNI209
100376,EEE103
100376,UNI212
100376,EEE101
100376,EEE102
100376,UNI201
100377,UNI203
100377,MATH123
100377,EEE142
100377,EEE141
100377,EEE143
100377,UNI207
100378,EEE142
100378,EEE141
100378,UNI205
100378,MATH102
100378,EEE143
100378,UNI209
100379,UNI210
100379,MATH103
100379,UNI212
100379,EEE162
100379,EEE163
100379,EEE161
100380,EEE122
100380,UNI210
100380,UNI205
100380,MATH102
100380,EEE121
100380,EEE123
100381,EEE122
100381,UNI205
100381,EEE121
100381,EEE123
100381,UNI204
100382,UNI212
100382,EEE162
100382,EEE163
100382,MATH121
100382,UNI202
100382,EEE161
100383,EEE103
100383,EEE101
100383,UNI207
100383,UNI205
100383,EEE102
100384,UNI210
100384,UNI206
100384,EEE142
100384,EEE141
100384,MATH102
100384,EEE143
100385,EEE122
100385,MATH103
100385,UNI201
100385,EEE121
100385,EEE123
100385,UNI204
100386,EEE103
100386,MATH103
100386,EEE101
100386,UNI202
100386,EEE102
100386,UNI203
100387,EEE162
100387,EEE163
100387,UNI205
100387,EEE161
100387,UNI211
100388,EEE122
100388,UNI206
100388,UNI205
100388,EEE121
100388,EEE123
100389,UNI206
100389,EEE142
100389,EEE141
100389,UNI205
100389,MATH122
100389,EEE143
100390,UNI206
100390,EEE142
100390,EEE141
100390,MATH122
100390,EEE143
100390,UNI207
100391,EEE142
100391,EEE141
100391,UNI211
100391,MATH122
100391,EEE143
100391,UNI209
100392,MATH121
100392,EEE142
100392,EEE141
100392,UNI208
100392,EEE143
100392,UNI211
100393,EEE122
100393,MATH101
100393,UNI207
100393,EEE121
100393,EEE123
100393,UNI203
100394,EEE122
100394,EEE121
100394,EEE123
100394,UNI204
100394,UNI203
100395,EEE142
100395,EEE141
100395,EEE143
100395,UNI209
100395,UNI203
100396,EEE122
100396,MATH121
100396,UNI207
100396,UNI205
100396,EEE121
100396,EEE123
100397,EEE103
100397,UNI208
100397,EEE101
100397,UNI202
100397,EEE102
100397,MATH122
100398,EEE103
100398,EEE101
100398,UNI202
100398,EEE102
100398,MATH122
100398,UNI201
100399,UNI210
100399,MATH103
100399,UNI206
100399,EEE142
100399,EEE141
100399,EEE143
100400,EEE103
100400,UNI202
100400,EEE101
100400,UNI208
100400,EEE102
100401,UNI208
100401,EEE162
100401,EEE163
100401,UNI205
100401,MATH122
100401,EEE161
100402,EEE103
100402,EEE101
100402,UNI208
100402,EEE102
100402,UNI201
100403,EEE122
100403,MATH121
100403,UNI205
100403,EEE121
100403,EEE123
100403,UNI209
100404,MATH101
100404,UNI212
100404,EEE162
100404,EEE163
100404,EEE161
100404,UNI211
100405,MATH123
100405,EEE142
100405,EEE141
100405,UNI205
100405,EEE143
100405,UNI209
100406,EEE103
100406,UNI210
100406,EEE101
100406,UNI202
100406,EEE102
100407,EEE122
100407,MATH122
100407,UNI210
100407,UNI205
100407,EEE121
100407,EEE123
100408,EEE103
100408,MATH103
100408,EEE101
100408,EEE102
100408,UNI201
100408,UNI211
100409,UNI201
100409,UNI212
100409,EEE162
100409,EEE163
100409,EEE161
100410,EEE162
100410,EEE163
100410,UNI205
100410,MATH122
100410,EEE161
100410,UNI203
100411,EEE122
100411,UNI202
100411,EEE121
100411,EEE123
100411,UNI204
100412,UNI212
100412,MATH123
100412,EEE142
100412,EEE141
100412,UNI208
100412,EEE143
100413,UNI206
100413,MATH121
100413,EEE142
100413,EEE141
100413,EEE143
100413,UNI209
100414,MATH123
100414,EEE142
100414,EEE141
100414,UNI208
100414,EEE143
100414,UNI209
100415,UNI212
100415,EEE162
100415,EEE163
100415,UNI208
100415,EEE161
100416,EEE103
100416,EEE101
100416,EEE102
100416,UNI201
100416,UNI203
100417,EEE122
100417,UNI201
100417,UNI205
100417,EEE121
100417,EEE123
100418,UNI210
100418,MATH101
100418,EEE142
100418,EEE141
100418,EEE143
100418,UNI209
100419,EEE103
100419,EEE101
100419,UNI205
100419,EEE102
100419,UNI203
100420,EEE122
100420,UNI210
100420,UNI212
100420,EEE121
100420,EEE123
100421,EEE122
100421,UNI206
100421,EEE121
100421,EEE123
100421,UNI209
100422,EEE142
100422,EEE141
100422,EEE143
100422,UNI209
100422,UNI207
100423,EEE103
100423,EEE101
100423,UNI202
100423,EEE102
100423,MATH122
100423,UNI201
100424,UNI201
100424,EEE162
100424,EEE163
100424,UNI202
100424,EEE161
100425,UNI212
100425,EEE162
100425,EEE163
100425,UNI202
100425,EEE161
100426,UNI210
100426,MATH103
100426,EEE162
100426,EEE163
100426,EEE161
100426,UNI211
100427,UNI210
100427,EEE162
100427,EEE163
100427,EEE161
100427,UNI211
100428,EEE122
100428,UNI212
100428,EEE121
100428,EEE123
100428,UNI211
100429,UNI201
100429,EEE142
100429,EEE141
100429,UNI205
100429,EEE143
100430,EEE103
100430,UNI212
100430,EEE101
100430,MATH102
100430,UNI202
100430,EEE102
100431,UNI210
100431,MATH121
100431,EEE162
100431,EEE163
100431,UNI207
100431,EEE161
100432,UNI210
100432,MATH101
100432,UNI212
100432,EEE162
100432,EEE163
100432,EEE161
100433,EEE122
100433,UNI206
100433,UNI205
100433,EEE121
100433,EEE123
100434,EEE103
100434,EEE101
100434,MATH102
100434,UNI202
100434,EEE102
100434,UNI211
100435,EEE122
100435,UNI206
100435,MATH121
100435,EEE121
100435,EEE123
100435,UNI204
100436,EEE122
100436,MATH101
100436,UNI206
100436,EEE121
100436,EEE123
100436,UNI204
100437,EEE122
100437,UNI205
100437,EEE121
100437,EEE123
100437,UNI204
100438,EEE122
100438,UNI205
100438,EEE121
100438,EEE123
100438,UNI204
100439,EEE103
100439,MATH121
100439,EEE101
100439,EEE102
100439,UNI201
100439,UNI203
100440,UNI210
100440,EEE162
100440,EEE163
100440,EEE161
100440,UNI211
100441,EEE162
100441,EEE163
100441,UNI205
100441,EEE161
100441,UNI211
100442,EEE142
100442,EEE141
100442,UNI202
100442,MATH102
100442,EEE143
100442,UNI207
100443,UNI212
100443,EEE162
100443,EEE163
100443,MATH122
100443,EEE161
100443,UNI204
100444,UNI212
100444,EEE162
100444,EEE163
100444,UNI205
100444,EEE161
100445,EEE103
100445,UNI206
100445,EEE101
100445,EEE102
100445,UNI201
100446,EEE103
100446,EEE101
100446,UNI202
100446,EEE102
100446,UNI201
100447,EEE162
100447,EEE163
100447,UNI211
100447,EEE161
100447,UNI209
100448,UNI203
100448,EEE142
100448,EEE141
100448,EEE143
100448,UNI207
100449,EEE103
100449,MATH101
100449,EEE101
100449,UNI202
100449,EEE102
100449,UNI201
100450,UNI212
100450,EEE162
100450,EEE163
100450,UNI208
100450,EEE161
100451,EEE103
100451,EEE101
100451,MATH102
100451,EEE102
100451,UNI201
100451,UNI203
100452,EEE122
100452,UNI206
100452,UNI212
100452,EEE121
100452,EEE123
100453,UNI210
100453,EEE162
100453,EEE163
100453,EEE161
100453,UNI211
100454,EEE103
100454,UNI210
100454,UNI206
100454,MATH121
100454,EEE101
100454,EEE102
100455,UNI203
100455,EEE142
100455,EEE141
100455,MATH122
100455,EEE143
100455,UNI207
100456,EEE122
100456,UNI205
100456,MATH102
100456,EEE121
100456,EEE123
100456,UNI204
100457,MATH101
100457,UNI212
100457,EEE162
100457,EEE163
100457,UNI208
100457,EEE161
100458,EEE122
100458,UNI210
100458,UNI212
100458,EEE121
100458,EEE123
100459,MATH121
100459,EEE142
100459,EEE141
100459,UNI208
100459,EEE143
100459,UNI203
100460,MATH123
100460,EEE142
100460,EEE141
100460,EEE143
100460,UNI204
100460,UNI207
100461,EEE142
100461,EEE141
100461,UNI202
100461,MATH122
100461,EEE143
100461,UNI209
100462,EEE103
100462,EEE101
100462,UNI202
100462,EEE102
100462,UNI204
100463,UNI212
100463,EEE142
100463,EEE141
100463,UNI208
100463,MATH102
100463,EEE143
100464,EEE122
100464,MATH101
100464,UNI202
100464,EEE121
100464,EEE123
100464,UNI203
100465,EEE122
100465,MATH103
100465,UNI201
100465,EEE121
100465,EEE123
100465,UNI211
100466,UNI212
100466,EEE162
100466,EEE163
100466,UNI208
100466,EEE161
100467,EEE103
100467,UNI212
100467,EEE101
100467,MATH102
100467,EEE102
100467,UNI203
100468,MATH123
100468,UNI212
100468,EEE162
100468,EEE163
100468,EEE161
100468,UNI211
100469,EEE103
100469,MATH123
100469,EEE101
100469,UNI202
100469,EEE102
100469,UNI201
100470,MATH121
100470,EEE142
100470,EEE141
100470,UNI208
100470,EEE143
100470,UNI207
100471,MATH103
100471,EEE142
100471,EEE141
100471,UNI208
100471,EEE143
100471,UNI203
100472,EEE142
100472,EEE141
100472,MATH102
100472,EEE143
100472,UNI204
100472,UNI203
100473,EEE122
100473,UNI210
100473,UNI201
100473,MATH121
100473,EEE121
100473,EEE123
100474,EEE103
100474,UNI202
100474,EEE101
100474,UNI208
100474,EEE102
100475,EEE103
100475,UNI212
100475,EEE101
100475,EEE102
100475,MATH122
100475,UNI201
100476,EEE122
100476,MATH123
100476,UNI205
100476,EEE121
100476,EEE123
100476,UNI204
100477,EEE122
100477,MATH122
100477,UNI205
100477,EEE121
100477,EEE123
100477,UNI211
100478,EEE122
100478,UNI210
100478,UNI206
100478,MATH121
100478,EEE121
100478,EEE123
100479,MATH123
100479,UNI212
100479,EEE162
100479,EEE163
100479,EEE161
100479,UNI209
100480,MATH101
100480,UNI208
100480,EEE162
100480,EEE163
100480,UNI202
100480,EEE161
100481,UNI210
100481,MATH123
100481,EEE162
100481,EEE163
100481,EEE161
100481,UNI211
100482,EEE122
100482,MATH121
100482,UNI208
100482,EEE121
100482,EEE123
100482,UNI204
100483,EEE122
100483,UNI212
100483,EEE121
100483,EEE123
100483,UNI204
100484,UNI210
100484,EEE162
100484,EEE163
100484,EEE161
100484,UNI211
100485,UNI210
100485,MATH103
100485,EEE162
100485,EEE163
100485,EEE161
100485,UNI211
100486,EEE162
100486,EEE163
100486,UNI205
100486,EEE161
100486,UNI211
100487,EEE122
100487,UNI210
100487,UNI206
100487,EEE121
100487,EEE123
100488,UNI210
100488,MATH103
100488,EEE162
100488,EEE163
100488,EEE161
100488,UNI211
100489,EEE103
100489,MATH103
100489,EEE101
100489,UNI202
100489,EEE102
100489,UNI201
100490,EEE142
100490,EEE141
100490,UNI208
100490,EEE143
100490,UNI209
100491,EEE142
100491,EEE141
100491,UNI208
100491,EEE143
100491,UNI209
100492,EEE122
100492,MATH122
100492,UNI201
100492,EEE121
100492,EEE123
100492,UNI204
100493,EEE122
100493,UNI205
100493,EEE121
100493,EEE123
100493,UNI209
100494,EEE103
100494,EEE101
100494,UNI205
100494,EEE102
100494,UNI201
100495,UNI212
100495,EEE162
100495,EEE163
100495,UNI202
100495,MATH102
100495,EEE161
100496,EEE122
100496,UNI202
100496,MATH102
100496,EEE121
100496,EEE123
100496,UNI211
100497,MATH123
100497,EEE142
100497,EEE141
100497,EEE143
100497,UNI204
100497,UNI207
100498,MATH123
100498,EEE142
100498,EEE141
100498,UNI208
100498,EEE143
100498,UNI203
100499,EEE122
100499,UNI205
100499,EEE121
100499,EEE123
100499,UNI204
100500,EEE142
100500,EEE141
100500,UNI208
100500,EEE143
100500,UNI209
100501,UNI210
100501,UNI212
100501,EEE162
100501,EEE163
100501,MATH122
100501,EEE161
100502,EEE103
100502,MATH103
100502,EEE101
100502,EEE102
100502,UNI201
100502,UNI203
100503,UNI201
100503,EEE142
100503,EEE141
100503,UNI208
100503,EEE143
100504,UNI210
100504,EEE162
100504,EEE163
100504,EEE161
100504,UNI211
100505,EEE122
100505,MATH103
100505,EEE121
100505,EEE123
100505,UNI204
100505,UNI203
100506,EEE103
100506,UNI210
100506,EEE101
100506,EEE102
100506,MATH122
100506,UNI201
100507,UNI201
100507,EEE162
100507,EEE163
100507,MATH122
100507,EEE161
100507,UNI211
100508,MATH121
100508,EEE162
100508,EEE163
100508,EEE161
100508,UNI209
100508,UNI203
100509,EEE103
100509,UNI206
100509,EEE101
100509,UNI202
100509,EEE102
100510,EEE122
100510,UNI212
100510,UNI205
100510,EEE121
100510,EEE123
100511,UNI212
100511,EEE162
100511,EEE163
100511,EEE161
100511,UNI203
100512,MATH121
100512,EEE142
100512,EEE141
100512,UNI208
100512,EEE143
100512,UNI207
100513,UNI210
100513,EEE162
100513,EEE163
100513,UNI208
100513,MATH122
100513,EEE161
100514,EEE142
100514,EEE141
100514,UNI208
100514,EEE143
100514,UNI209
100515,EEE103
100515,EEE101
100515,UNI202
100515,EEE102
100515,UNI205
100516,EEE103
100516,EEE101
100516,UNI202
100516,EEE102
100516,MATH122
100516,UNI203
100517,UNI201
100517,EEE142
100517,EEE141
100517,EEE143
100517,UNI207
100518,EEE103
100518,MATH103
100518,UNI206
100518,EEE101
100518,UNI202
100518,EEE102
100519,EEE103
100519,UNI208
100519,EEE101
100519,UNI202
100519,EEE102
100520,EEE122
100520,UNI207
100520,UNI208
100520,EEE121
100520,EEE123
100521,MATH103
100521,EEE142
100521,EEE141
100521,EEE143
100521,UNI209
100521,UNI207
100522,UNI206
100522,UNI212
100522,EEE162
100522,EEE163
100522,EEE161
100523,EEE103
100523,MATH121
100523,EEE101
100523,UNI202
100523,EEE102
100523,UNI201
100524,EEE142
100524,EEE141
100524,UNI208
100524,EEE143
100524,UNI209
100525,EEE122
100525,UNI206
100525,EEE121
100525,EEE123
100525,UNI204
100526,MATH101
100526,EEE142
100526,EEE141
100526,UNI205
100526,EEE143
100526,UNI207
100527,UNI212
100527,EEE162
100527,EEE163
100527,EEE161
100527,UNI203
100528,EEE122
100528,MATH103
100528,UNI207
100528,UNI205
100528,EEE121
100528,EEE123
100529,EEE103
100529,MATH103
100529,EEE101
100529,EEE102
100529,UNI201
100529,UNI203
100530,EEE103
100530,UNI212
100530,MATH123
100530,EEE101
100530,UNI202
100530,EEE102
100531,UNI201
100531,MATH121
100531,EEE162
100531,EEE163
100531,EEE161
100531,UNI211
100532,UNI206
100532,MATH121
100532,EEE142
100532,EEE141
100532,EEE143
100532,UNI207
100533,MATH101
100533,UNI212
100533,EEE162
100533,EEE163
100533,EEE161
100533,UNI211
100534,MATH103
100534,EEE142
100534,EEE141
100534,UNI208
100534,EEE143
100534,UNI207
100535,EEE103
100535,EEE101
100535,UNI205
100535,EEE102
100535,MATH122
100535,UNI211
100536,EEE122
100536,UNI201
100536,MATH121
100536,EEE121
100536,EEE123
100536,UNI203
100537,UNI206
100537,EEE142
100537,EEE141
100537,MATH102
100537,EEE143
100537,UNI207
100538,MATH101
100538,EEE142
100538,EEE141
100538,EEE143
100538,UNI204
100538,UNI207
100539,MATH103
100539,UNI201
100539,EEE162
100539,EEE163
100539,EEE161
100539,UNI211
100540,EEE122
100540,MATH103
100540,UNI205
100540,EEE121
100540,EEE123
100540,UNI203
100541,UNI201
100541,EEE162
100541,EEE163
100541,EEE161
100541,UNI204
100542,MATH101
100542,EEE162
100542,EEE163
100542,EEE161
100542,UNI211
100542,UNI203
100543,EEE103
100543,MATH101
100543,EEE101
100543,UNI202
100543,EEE102
100543,UNI203
100544,EEE122
100544,UNI210
100544,MATH103
100544,UNI206
100544,EEE121
100544,EEE123
100545,UNI202
100545,EEE162
100545,EEE163
100545,UNI205
100545,EEE161
100546,EEE103
100546,MATH103
100546,EEE101
100546,EEE102
100546,UNI201
100546,UNI204
100547,EEE142
100547,EEE141
100547,UNI202
100547,EEE143
100547,UNI209
100548,EEE103
100548,MATH101
100548,UNI212
100548,EEE101
100548,UNI202
100548,EEE102
100549,UNI201
100549,UNI212
100549,EEE162
100549,EEE163
100549,EEE161
100550,EEE162
100550,EEE163
100550,EEE161
100550,UNI209
100550,UNI203
100551,EEE122
100551,MATH101
100551,UNI208
100551,EEE121
100551,EEE123
100551,UNI209
100552,MATH121
100552,EEE162
100552,EEE163
100552,UNI207
100552,EEE161
100552,UNI211
100553,EEE122
100553,UNI206
100553,MATH121
100553,UNI205
100553,EEE121
100553,EEE123
100554,EEE122
100554,MATH101
100554,UNI205
100554,EEE121
100554,EEE123
100554,UNI204
100555,UNI212
100555,EEE162
100555,EEE163
100555,EEE161
100555,UNI211
100556,EEE142
100556,EEE141
100556,EEE143
100556,UNI209
100556,UNI207
100557,EEE122
100557,UNI202
100557,MATH123
100557,UNI205
100557,EEE121
100557,EEE123
100558,UNI210
100558,MATH123
100558,UNI212
100558,EEE162
100558,EEE163
100558,EEE161
100559,EEE122
100559,UNI212
100559,EEE121
100559,EEE123
100559,UNI204
100560,EEE122
100560,MATH122
100560,UNI202
100560,EEE121
100560,EEE123
100560,UNI203
100561,UNI209
100561,MATH123
100561,EEE142
100561,EEE141
100561,EEE143
100561,UNI204
100562,UNI212
100562,MATH123
100562,EEE142
100562,EEE141
100562,EEE143
100562,UNI209
100563,EEE122
100563,UNI208
100563,MATH121
100563,UNI205
100563,EEE121
100563,EEE123
100564,EEE122
100564,UNI205
100564,MATH102
100564,EEE121
100564,EEE123
100564,UNI204
100565,EEE122
100565,UNI206
100565,UNI212
100565,EEE121
100565,EEE123
100566,EEE103
100566,EEE101
100566,UNI202
100566,EEE102
100566,MATH122
100566,UNI201
100567,UNI212
100567,MATH123
100567,EEE142
100567,EEE141
100567,EEE143
100567,UNI209
100568,EEE122
100568,MATH122
100568,UNI205
100568,EEE121
100568,EEE123
100568,UNI209
100569,EEE103
100569,MATH103
100569,EEE101
100569,UNI202
100569,EEE102
100569,UNI203
100570,MATH123
100570,UNI212
100570,EEE162
100570,EEE163
100570,UNI207
100570,EEE161
100571,UNI210
100571,MATH121
100571,EEE162
100571,EEE163
100571,EEE161
100571,UNI203
100572,EEE122
100572,UNI210
100572,EEE121
100572,EEE123
100572,UNI204
100573,EEE162
100573,EEE163
100573,UNI211
100573,MATH102
100573,EEE161
100573,UNI209
100574,UNI201
100574,MATH121
100574,EEE142
100574,EEE141
100574,UNI208
100574,EEE143
100575,EEE122
100575,MATH122
100575,UNI210
100575,EEE121
100575,EEE123
100575,UNI204
100576,EEE103
100576,MATH123
100576,EEE101
100576,EEE102
100576,UNI201
100576,UNI203
100577,EEE122
100577,UNI202
100577,UNI205
100577,EEE121
100577,EEE123
100578,EEE122
100578,MATH103
100578,UNI207
100578,EEE121
100578,EEE123
100578,UNI204
100579,MATH101
100579,EEE142
100579,EEE141
100579,UNI202
100579,EEE143
100579,UNI207
100580,EEE103
100580,MATH121
100580,EEE101
100580,EEE102
100580,UNI203
100580,UNI209
100581,EEE142
100581,EEE141
100581,EEE143
100581,UNI209
100581,UNI207
100582,EEE103
100582,UNI210
100582,MATH121
100582,EEE101
100582,EEE102
100582,UNI201
100583,EEE122
100583,MATH123
100583,UNI205
100583,EEE121
100583,EEE123
100583,UNI211
100584,EEE142
100584,EEE141
100584,UNI208
100584,EEE143
100584,UNI209
100585,EEE103
100585,MATH101
100585,EEE101
100585,UNI202
100585,EEE102
100585,UNI204
100586,EEE142
100586,EEE141
100586,UNI208
100586,EEE143
100586,UNI207
100587,UNI212
100587,EEE162
100587,EEE163
100587,MATH122
100587,EEE161
100587,UNI211
100588,EEE162
100588,EEE163
100588,UNI207
100588,EEE161
100588,UNI211
100589,UNI212
100589,MATH121
100589,EEE142
100589,EEE141
100589,UNI205
100589,EEE143
100590,UNI210
100590,EEE162
100590,EEE163
100590,UNI205
100590,EEE161
100591,EEE103
100591,MATH123
100591,EEE101
100591,EEE102
100591,UNI203
100591,UNI209
100592,UNI212
100592,EEE162
100592,EEE163
100592,UNI205
100592,EEE161
100593,UNI201
100593,EEE162
100593,EEE163
100593,MATH102
100593,EEE161
100593,UNI211
100594,EEE122
100594,MATH101
100594,UNI205
100594,EEE121
100594,EEE123
100594,UNI204
100595,EEE142
100595,EEE141
100595,UNI211
100595,EEE143
100595,UNI204
100596,UNI210
100596,EEE142
100596,EEE141
100596,UNI208
100596,MATH102
100596,EEE143
100597,EEE103
100597,UNI212
100597,MATH121
100597,EEE101
100597,EEE102
100597,UNI203
100598,MATH101
100598,UNI201
100598,UNI212
100598,EEE162
100598,EEE163
100598,EEE161
100599,UNI210
100599,EEE162
100599,EEE163
100599,EEE161
100599,UNI211
100600,MATH101
100600,MATH103
100600,UNI202
100600,MATH102
100600,UNI201
100601,MATH162
100601,BUS141
100601,UNI206
100601,UNI212
100601,MATH161
100601,MATH163
100602,BUS141
100602,UNI206
100602,MATH121
100602,MATH123
100602,MATH122
100602,UNI204
100603,BUS121
100603,MATH142
100603,MATH143
100603,UNI205
100603,UNI207
100603,MATH141
100604,MATH162
100604,UNI210
100604,BUS101
100604,UNI207
100604,MATH161
100604,MATH163
100605,MATH162
100605,BUS141
100605,UNI212
100605,MATH161
100605,MATH163
100605,UNI204
100606,MATH101
100606,MATH103
100606,BUS121
100606,UNI202
100606,MATH102
100606,UNI201
100607,MATH162
100607,UNI210
100607,BUS141
100607,MATH161
100607,MATH163
100607,UNI211
100608,MATH142
100608,MATH143
100608,UNI205
100608,BUS141
100608,UNI209
100608,MATH141
100609,MATH142
100609,MATH143
100609,BUS141
100609,UNI201
100609,UNI204
100609,MATH141
100610,MATH162
100610,UNI202
100610,UNI212
100610,MATH161
100610,MATH163
100611,MATH101
100611,MATH103
100611,BUS101
100611,UNI212
100611,MATH102
100611,UNI201
100612,BUS141
100612,MATH121
100612,MATH123
100612,MATH122
100612,UNI203
100612,UNI204
100613,MATH162
100613,UNI210
100613,BUS121
100613,UNI207
100613,MATH161
100613,MATH163
100614,MATH162
100614,UNI202
100614,BUS121
100614,UNI207
100614,MATH161
100614,MATH163
100615,UNI210
100615,BUS101
100615,MATH121
100615,MATH123
100615,MATH122
100615,UNI204
100616,UNI209
100616,MATH142
100616,MATH143
100616,UNI211
100616,MATH141
100617,MATH162
100617,BUS101
100617,MATH161
100617,MATH163
100617,UNI201
100617,UNI211
100618,MATH101
100618,MATH103
100618,MATH102
100618,UNI201
100618,UNI204
100619,MATH162
100619,BUS141
100619,UNI208
100619,MATH161
100619,MATH163
100619,UNI211
100620,UNI206
100620,BUS121
100620,MATH142
100620,MATH143
100620,UNI204
100620,MATH141
100621,MATH162
100621,UNI207
100621,MATH161
100621,MATH163
100621,UNI204
100622,MATH101
100622,MATH103
100622,UNI202
100622,MATH102
100622,BUS141
100622,UNI203
100623,MATH142
100623,MATH143
100623,UNI203
100623,UNI209
100623,MATH141
100624,MATH162
100624,UNI202
100624,UNI210
100624,BUS141
100624,MATH161
100624,MATH163
100625,BUS141
100625,UNI209
100625,MATH121
100625,MATH123
100625,MATH122
100625,UNI204
100626,BUS121
100626,UNI212
100626,MATH142
100626,MATH143
100626,UNI209
100626,MATH141
100627,UNI210
100627,BUS121
100627,MATH142
100627,MATH143
100627,UNI208
100627,MATH141
100628,MATH162
100628,MATH161
100628,MATH163
100628,UNI203
100628,UNI211
100629,MATH162
100629,BUS101
100629,UNI206
100629,UNI212
100629,MATH161
100629,MATH163
100630,UNI209
100630,MATH142
100630,MATH143
100630,UNI204
100630,MATH141
100631,BUS101
100631,MATH142
100631,MATH143
100631,UNI205
100631,UNI207
100631,MATH141
100632,MATH162
100632,BUS141
100632,UNI206
100632,UNI212
100632,MATH161
100632,MATH163
100633,UNI210
100633,BUS141
100633,MATH121
100633,MATH123
100633,UNI205
100633,MATH122
100634,MATH162
100634,BUS121
100634,MATH161
100634,MATH163
100634,UNI203
100634,UNI211
100635,MATH162
100635,UNI210
100635,BUS121
100635,MATH161
100635,MATH163
100635,UNI203
100636,MATH101
100636,MATH103
100636,UNI206
100636,MATH102
100636,UNI203
100637,UNI206
100637,MATH121
100637,MATH123
100637,UNI205
100637,MATH122
100638,BUS121
100638,MATH142
100638,MATH143
100638,UNI205
100638,UNI207
100638,MATH141
100639,MATH162
100639,BUS101
100639,UNI208
100639,MATH161
100639,MATH163
100639,UNI203
100640,MATH162
100640,MATH161
100640,MATH163
100640,UNI201
100640,UNI211
100641,BUS141
100641,UNI206
100641,MATH121
100641,MATH123
100641,UNI208
100641,MATH122
100642,MATH162
100642,UNI208
100642,UNI212
100642,MATH161
100642,MATH163
100643,UNI206
100643,MATH142
100643,MATH143
100643,UNI207
100643,MATH141
100644,BUS101
100644,MATH142
100644,MATH143
100644,UNI208
100644,UNI203
100644,MATH141
100645,UNI210
100645,BUS121
100645,MATH142
100645,MATH143
100645,UNI207
100645,MATH141
100646,UNI206
100646,MATH121
100646,MATH123
100646,MATH122
100646,UNI211
100647,MATH142
100647,MATH143
100647,UNI202
100647,UNI207
100647,MATH141
100648,BUS121
100648,MATH142
100648,MATH143
100648,UNI201
100648,UNI209
100648,MATH141
100649,MATH142
100649,MATH143
100649,UNI201
100649,UNI207
100649,MATH141
100650,UNI209
100650,MATH142
100650,MATH143
100650,UNI207
100650,MATH141
100651,MATH162
100651,BUS141
100651,UNI206
100651,MATH161
100651,MATH163
100651,UNI205
100652,BUS121
100652,MATH121
100652,MATH123
100652,UNI207
100652,UNI202
100652,MATH122
100653,MATH142
100653,MATH143
100653,UNI208
100653,UNI201
100653,MATH141
100654,MATH162
100654,UNI210
100654,BUS121
100654,MATH161
100654,MATH163
100654,UNI203
100655,UNI210
100655,MATH121
100655,MATH123
100655,UNI212
100655,MATH122
100656,UNI209
100656,MATH142
100656,MATH143
100656,UNI204
100656,MATH141
100657,BUS121
100657,MATH121
100657,MATH123
100657,UNI205
100657,MATH122
100657,UNI204
100658,BUS141
100658,MATH121
100658,MATH123
100658,UNI205
100658,MATH122
100658,UNI204
100659,BUS141
100659,UNI206
100659,MATH121
100659,MATH123
100659,UNI208
100659,MATH122
100660,MATH101
100660,MATH103
100660,BUS121
100660,UNI205
100660,MATH102
100660,UNI209
100661,MATH162
100661,UNI210
100661,BUS121
100661,MATH161
100661,MATH163
100661,UNI211
100662,MATH101
100662,MATH103
100662,UNI202
100662,MATH102
100662,BUS141
100662,UNI209
100663,MATH162
100663,UNI210
100663,BUS141
100663,MATH161
100663,MATH163
100663,UNI211
100664,BUS101
100664,UNI206
100664,MATH121
100664,MATH123
100664,MATH122
100664,UNI204
100665,MATH142
100665,MATH143
100665,UNI202
100665,BUS141
100665,UNI201
100665,MATH141
100666,BUS101
100666,MATH121
100666,MATH123
100666,UNI205
100666,MATH122
100666,UNI211
100667,MATH121
100667,MATH123
100667,MATH122
100667,UNI203
100667,UNI204
100668,MATH101
100668,MATH103
100668,BUS101
100668,UNI207
100668,MATH102
100668,UNI209
100669,MATH121
100669,MATH123
100669,UNI211
100669,MATH122
100669,UNI204
100670,MATH101
100670,MATH103
100670,UNI210
100670,MATH102
100670,UNI201
100671,MATH101
100671,MATH103
100671,UNI206
100671,BUS101
100671,UNI202
100671,MATH102
100672,MATH162
100672,MATH161
100672,MATH163
100672,UNI201
100672,UNI204
100673,MATH162
100673,BUS141
100673,MATH161
100673,MATH163
100673,UNI203
100673,UNI204
100674,MATH162
100674,UNI210
100674,BUS121
100674,MATH161
100674,MATH163
100674,UNI209
100675,MATH101
100675,MATH103
100675,UNI202
100675,MATH102
100675,UNI201
100676,MATH162
100676,BUS141
100676,UNI212
100676,MATH161
100676,MATH163
100676,UNI201
100677,MATH101
100677,MATH103
100677,UNI206
100677,MATH102
100677,UNI203
100678,BUS141
100678,MATH121
100678,MATH123
100678,UNI212
100678,UNI205
100678,MATH122
100679,MATH162
100679,UNI210
100679,BUS141
100679,MATH161
100679,MATH163
100679,UNI205
100680,BUS121
100680,MATH142
100680,MATH143
100680,UNI208
100680,UNI207
100680,MATH141
100681,MATH101
100681,MATH103
100681,UNI206
100681,MATH102
100681,UNI201
100682,MATH162
100682,UNI210
100682,MATH161
100682,MATH163
100682,UNI211
100683,MATH101
100683,MATH103
100683,UNI206
100683,BUS101
100683,UNI207
100683,MATH102
100684,BUS141
100684,MATH121
100684,MATH123
100684,UNI208
100684,MATH122
100684,UNI204
100685,MATH142
100685,MATH143
100685,UNI208
100685,UNI207
100685,MATH141
100686,MATH101
100686,MATH103
100686,UNI207
100686,MATH102
100686,UNI201
100687,BUS141
100687,MATH121
100687,MATH123
100687,UNI208
100687,MATH122
100687,UNI204
100688,MATH162
100688,BUS141
100688,UNI208
100688,MATH161
100688,MATH163
100688,UNI211
100689,MATH162
100689,UNI212
100689,MATH161
100689,MATH163
100689,UNI211
100690,MATH101
100690,MATH103
100690,UNI202
100690,MATH102
100690,BUS141
100690,UNI201
100691,BUS121
100691,MATH121
100691,MATH123
100691,UNI202
100691,MATH122
100691,UNI205
100692,MATH162
100692,MATH161
100692,MATH163
100692,UNI201
100692,UNI211
100693,UNI210
100693,MATH142
100693,MATH143
100693,UNI207
100693,MATH141
100694,MATH162
100694,UNI210
100694,BUS101
100694,MATH161
100694,MATH163
100694,UNI211
100695,BUS121
100695,MATH121
100695,MATH123
100695,UNI202
100695,MATH122
100695,UNI203
100696,MATH162
100696,BUS121
100696,UNI208
100696,UNI212
100696,MATH161
100696,MATH163
100697,MATH101
100697,MATH103
100697,UNI206
100697,MATH102
100697,UNI203
100698,MATH101
100698,MATH103
100698,BUS101
100698,MATH102
100698,UNI201
100698,UNI204
100699,UNI206
100699,MATH121
100699,MATH123
100699,MATH122
100699,UNI204
100700,MATH121
100700,MATH123
100700,UNI207
100700,MATH122
100700,UNI209
100701,MATH162
100701,UNI212
100701,MATH161
100701,MATH163
100701,UNI211
100702,MATH162
100702,UNI210
100702,UNI212
100702,MATH161
100702,MATH163
100703,MATH162
100703,UNI210
100703,UNI202
100703,BUS121
100703,MATH161
100703,MATH163
100704,UNI206
100704,MATH121
100704,MATH123
100704,UNI205
100704,MATH122
100705,MATH162
100705,BUS141
100705,UNI212
100705,MATH161
100705,MATH163
100705,UNI209
100706,MATH162
100706,BUS121
100706,UNI212
100706,MATH161
100706,MATH163
100706,UNI209
100707,MATH162
100707,UNI212
100707,MATH161
100707,MATH163
100707,UNI209
100708,UNI210
100708,MATH121
100708,MATH123
100708,MATH122
100708,UNI209
100709,MATH101
100709,MATH103
100709,BUS121
100709,UNI207
100709,MATH102
100709,UNI201
100710,MATH101
100710,MATH103
100710,MATH102
100710,BUS141
100710,UNI201
100710,UNI209
100711,MATH101
100711,MATH103
100711,MATH102
100711,BUS141
100711,UNI201
100711,UNI203
100712,UNI210
100712,MATH142
100712,MATH143
100712,UNI204
100712,MATH141
100713,BUS141
100713,MATH121
100713,MATH123
100713,MATH122
100713,UNI201
100713,UNI204
100714,MATH162
100714,BUS101
100714,UNI208
100714,UNI212
100714,MATH161
100714,MATH163
100715,MATH162
100715,UNI210
100715,BUS121
100715,MATH161
100715,MATH163
100715,UNI211
100716,UNI210
100716,BUS101
100716,MATH121
100716,MATH123
100716,MATH122
100716,UNI204
100717,MATH121
100717,MATH123
100717,UNI202
100717,MATH122
100717,UNI209
100718,MATH121
100718,MATH123
100718,UNI202
100718,MATH122
100718,UNI205
100719,MATH101
100719,MATH103
100719,BUS121
100719,UNI202
100719,MATH102
100719,UNI203
100720,MATH162
100720,UNI210
100720,BUS121
100720,UNI212
100720,MATH161
100720,MATH163
100721,MATH121
100721,MATH123
100721,UNI205
100721,MATH122
100721,UNI204
100722,MATH142
100722,MATH143
100722,UNI208
100722,BUS141
100722,UNI203
100722,MATH141
100723,UNI206
100723,MATH121
100723,MATH123
100723,UNI205
100723,MATH122
100724,MATH162
100724,MATH161
100724,MATH163
100724,UNI201
100724,UNI211
100725,UNI206
100725,BUS121
100725,MATH121
100725,MATH123
100725,MATH122
100725,UNI204
100726,MATH101
100726,MATH103
100726,BUS121
100726,UNI202
100726,MATH102
100726,UNI201
100727,MATH162
100727,BUS141
100727,UNI208
100727,MATH161
100727,MATH163
100727,UNI211
100728,BUS141
100728,MATH121
100728,MATH123
100728,UNI207
100728,MATH122
100728,UNI201
100729,MATH162
100729,UNI210
100729,BUS101
100729,MATH161
100729,MATH163
100729,UNI201
100730,BUS121
100730,MATH121
100730,MATH123
100730,UNI208
100730,MATH122
100730,UNI205
100731,BUS121
100731,MATH142
100731,MATH143
100731,UNI208
100731,UNI207
100731,MATH141
100732,MATH142
100732,MATH143
100732,UNI208
100732,BUS141
100732,UNI211
100732,MATH141
100733,UNI210
100733,MATH142
100733,MATH143
100733,UNI208
100733,MATH141
100734,MATH121
100734,MATH123
100734,UNI205
100734,MATH122
100734,UNI204
100735,MATH162
100735,MATH161
100735,MATH163
100735,UNI201
100735,UNI203
100736,MATH101
100736,MATH103
100736,UNI202
100736,MATH102
100736,UNI204
100737,BUS141
100737,UNI206
100737,MATH121
100737,MATH123
100737,MATH122
100737,UNI209
100738,MATH162
100738,MATH161
100738,MATH163
100738,UNI211
100738,UNI205
100739,MATH162
100739,BUS101
100739,UNI212
100739,MATH161
100739,MATH163
100739,UNI211
100740,MATH162
100740,BUS141
100740,UNI208
100740,MATH161
100740,MATH163
100740,UNI211
100741,UNI206
100741,MATH142
100741,MATH143
100741,UNI209
100741,MATH141
100742,MATH162
100742,BUS101
100742,UNI211
100742,MATH161
100742,MATH163
100742,UNI209
100743,MATH142
100743,MATH143
100743,UNI208
100743,UNI207
100743,MATH141
100744,MATH101
100744,MATH103
100744,UNI206
100744,BUS121
100744,UNI202
100744,MATH102
100745,MATH162
100745,MATH161
100745,MATH163
100745,UNI203
100745,UNI211
100746,BUS141
100746,MATH121
100746,MATH123
100746,UNI202
100746,MATH122
100746,UNI204
100747,BUS121
100747,MATH142
100747,MATH143
100747,UNI202
100747,UNI207
100747,MATH141
100748,MATH101
100748,MATH103
100748,BUS101
100748,UNI208
100748,MATH102
100748,UNI203
100749,MATH101
100749,MATH103
100749,UNI202
100749,MATH102
100749,BUS141
100749,UNI209
100750,MATH101
100750,MATH103
100750,UNI205
100750,MATH102
100750,BUS141
100750,UNI203
100751,MATH101
100751,MATH103
100751,MATH102
100751,UNI201
100751,UNI203
100752,UNI206
100752,BUS121
100752,MATH121
100752,MATH123
100752,UNI212
100752,MATH122
100753,UNI209
100753,MATH142
100753,MATH143
100753,UNI207
100753,MATH141
100754,UNI210
100754,MATH121
100754,MATH123
100754,UNI205
100754,MATH122
100755,MATH162
100755,BUS141
100755,UNI212
100755,MATH161
100755,MATH163
100755,UNI204
100756,UNI206
100756,MATH121
100756,MATH123
100756,UNI205
100756,MATH122
100757,UNI208
100757,MATH142
100757,MATH143
100757,UNI205
100757,MATH141
100758,MATH162
100758,BUS101
100758,UNI212
100758,MATH161
100758,MATH163
100758,UNI211
100759,MATH142
100759,MATH143
100759,UNI211
100759,UNI207
100759,MATH141
100760,MATH162
100760,UNI206
100760,UNI212
100760,MATH161
100760,MATH163
100761,MATH162
100761,UNI210
100761,UNI212
100761,MATH161
100761,MATH163
100762,UNI209
100762,MATH142
100762,MATH143
100762,UNI207
100762,MATH141
100763,MATH101
100763,MATH103
100763,MATH102
100763,UNI201
100763,UNI211
100764,BUS101
100764,UNI206
100764,MATH121
100764,MATH123
100764,MATH122
100764,UNI204
100765,MATH162
100765,UNI208
100765,MATH161
100765,MATH163
100765,UNI204
100766,UNI206
100766,MATH121
100766,MATH123
100766,MATH122
100766,UNI211
100767,MATH162
100767,UNI210
100767,BUS121
100767,MATH161
100767,MATH163
100767,UNI211
100768,UNI204
100768,MATH162
100768,MATH161
100768,MATH163
100768,UNI211
100769,BUS101
100769,MATH142
100769,MATH143
100769,UNI202
100769,UNI211
100769,MATH141
100770,MATH162
100770,UNI210
100770,BUS101
100770,MATH161
100770,MATH163
100770,UNI211
100771,MATH121
100771,MATH123
100771,UNI205
100771,MATH122
100771,UNI203
100772,MATH162
100772,UNI209
100772,MATH161
100772,MATH163
100772,UNI211
100773,MATH101
100773,MATH103
100773,UNI212
100773,MATH102
100773,UNI211
100774,MATH101
100774,MATH103
100774,BUS121
100774,UNI207
100774,UNI208
100774,MATH102
100775,MATH162
100775,BUS101
100775,UNI212
100775,MATH161
100775,MATH163
100775,UNI209
100776,MATH101
100776,MATH103
100776,BUS121
100776,UNI212
100776,MATH102
100776,UNI203
100777,UNI206
100777,MATH121
100777,MATH123
100777,MATH122
100777,UNI201
100778,BUS121
100778,MATH142
100778,MATH143
100778,UNI208
100778,UNI207
100778,MATH141
100779,MATH162
100779,UNI202
100779,BUS101
100779,UNI212
100779,MATH161
100779,MATH163
100780,MATH101
100780,MATH103
100780,BUS101
100780,UNI202
100780,MATH102
100780,UNI201
100781,MATH162
100781,UNI212
100781,MATH161
100781,MATH163
100781,UNI201
100782,BUS101
100782,UNI212
100782,MATH142
100782,MATH143
100782,UNI207
100782,MATH141
100783,MATH101
100783,MATH103
100783,UNI207
100783,MATH102
100783,UNI201
100784,MATH121
100784,MATH123
100784,UNI205
100784,MATH122
100784,UNI201
100785,UNI206
100785,BUS121
100785,MATH121
100785,MATH123
100785,UNI205
100785,MATH122
100786,UNI210
100786,MATH142
100786,MATH143
100786,UNI208
100786,MATH141
100787,MATH162
100787,BUS121
100787,MATH161
100787,MATH163
100787,UNI201
100787,UNI211
100788,MATH162
100788,UNI202
100788,MATH161
100788,MATH163
100788,UNI211
100789,BUS101
100789,MATH121
100789,MATH123
100789,UNI205
100789,MATH122
100789,UNI201
100790,MATH101
100790,MATH103
100790,UNI210
100790,MATH102
100790,BUS141
100790,UNI201
100791,MATH162
100791,UNI210
100791,BUS101
100791,UNI212
100791,MATH161
100791,MATH163
100792,MATH162
100792,BUS141
100792,MATH161
100792,MATH163
100792,UNI203
100792,UNI211
100793,BUS141
100793,MATH121
100793,MATH123
100793,UNI205
100793,MATH122
100793,UNI211
100794,MATH162
100794,BUS141
100794,UNI206
100794,MATH161
100794,MATH163
100794,UNI211
100795,MATH101
100795,MATH103
100795,UNI202
100795,MATH102
100795,UNI201
100796,MATH121
100796,MATH123
100796,UNI202
100796,MATH122
100796,UNI211
100797,MATH162
100797,BUS121
100797,UNI208
100797,MATH161
100797,MATH163
100797,UNI211
100798,MATH101
100798,MATH103
100798,BUS101
100798,UNI202
100798,MATH102
100798,UNI201
100799,MATH101
100799,MATH103
100799,BUS101
100799,UNI208
100799,MATH102
100799,UNI204
100800,MATH101
100800,MATH103
100800,BUS101
100800,MATH102
100800,UNI201
100800,UNI204
100801,BUS101
100801,UNI206
100801,MATH121
100801,MATH123
100801,UNI212
100801,MATH122
100802,BUS101
100802,MATH142
100802,MATH143
100802,UNI208
100802,UNI203
100802,MATH141
100803,UNI206
100803,MATH121
100803,MATH123
100803,UNI205
100803,MATH122
100804,BUS101
100804,UNI212
100804,MATH142
100804,MATH143
100804,UNI207
100804,MATH141
100805,MATH101
100805,MATH103
100805,UNI202
100805,MATH102
100805,BUS141
100805,UNI201
100806,MATH101
100806,MATH103
100806,BUS121
100806,MATH102
100806,UNI201
100806,UNI203
100807,MATH121
100807,MATH123
100807,UNI205
100807,MATH122
100807,UNI209
100808,MATH162
100808,BUS121
100808,UNI212
100808,MATH161
100808,MATH163
100808,UNI203
100809,UNI212
100809,MATH142
100809,MATH143
100809,UNI211
100809,MATH141
100810,MATH121
100810,MATH123
100810,MATH122
100810,UNI201
100810,UNI204
100811,MATH162
100811,UNI206
100811,MATH161
100811,MATH163
100811,UNI203
100812,MATH162
100812,BUS101
100812,UNI212
100812,MATH161
100812,MATH163
100812,UNI205
100813,MATH142
100813,MATH143
100813,UNI208
100813,BUS141
100813,UNI207
100813,MATH141
100814,MATH101
100814,MATH103
100814,MATH102
100814,BUS141
100814,UNI201
100814,UNI203
100815,MATH162
100815,UNI210
100815,BUS141
100815,MATH161
100815,MATH163
100815,UNI209
100816,BUS101
100816,MATH142
100816,MATH143
100816,UNI208
100816,UNI207
100816,MATH141
100817,MATH101
100817,MATH103
100817,BUS121
100817,UNI208
100817,UNI202
100817,MATH102
100818,MATH162
100818,BUS101
100818,UNI206
100818,MATH161
100818,MATH163
100818,UNI211
100819,MATH101
100819,MATH103
100819,BUS121
100819,UNI208
100819,MATH102
100819,UNI201
100820,BUS121
100820,MATH121
100820,MATH123
100820,UNI205
100820,MATH122
100820,UNI209
100821,MATH162
100821,UNI210
100821,BUS121
100821,MATH161
100821,MATH163
100821,UNI211
100822,MATH101
100822,MATH103
100822,UNI202
100822,MATH102
100822,BUS141
100822,UNI203
100823,MATH101
100823,MATH103
100823,BUS101
100823,MATH102
100823,UNI201
100823,UNI203
100824,BUS121
100824,MATH142
100824,MATH143
100824,UNI208
100824,UNI207
100824,MATH141
100825,MATH142
100825,MATH143
100825,UNI208
100825,UNI205
100825,MATH141
100826,MATH101
100826,MATH103
100826,BUS121
100826,UNI202
100826,MATH102
100826,UNI203
100827,BUS141
100827,UNI206
100827,MATH121
100827,MATH123
100827,MATH122
100827,UNI204
100828,BUS141
100828,MATH121
100828,MATH123
100828,UNI207
100828,MATH122
100828,UNI204
100829,MATH142
100829,MATH143
100829,UNI208
100829,UNI209
100829,MATH141
100830,MATH101
100830,MATH103
100830,BUS121
100830,MATH102
100830,UNI201
100830,UNI204
100831,UNI209
100831,MATH142
100831,MATH143
100831,BUS141
100831,UNI207
100831,MATH141
100832,MATH162
100832,BUS141
100832,UNI208
100832,MATH161
100832,MATH163
100832,UNI201
100833,BUS101
100833,MATH142
100833,MATH143
100833,UNI205
100833,UNI209
100833,MATH141
100834,MATH121
100834,MATH123
100834,UNI205
100834,MATH122
100834,UNI204
100835,BUS101
100835,MATH121
100835,MATH123
100835,UNI205
100835,MATH122
100835,UNI204
100836,MATH162
100836,BUS141
100836,UNI206
100836,MATH161
100836,MATH163
100836,UNI211
100837,MATH162
100837,BUS101
100837,UNI212
100837,MATH161
100837,MATH163
100837,UNI209
100838,UNI208
100838,MATH142
100838,MATH143
100838,UNI202
100838,BUS141
100838,MATH141
100839,BUS101
100839,UNI206
100839,MATH121
100839,MATH123
100839,UNI208
100839,MATH122
100840,UNI206
100840,BUS121
100840,MATH121
100840,MATH123
100840,UNI207
100840,MATH122
100841,MATH121
100841,MATH123
100841,UNI207
100841,MATH122
100841,UNI204
100842,BUS121
100842,MATH142
100842,MATH143
100842,UNI208
100842,UNI209
100842,MATH141
100843,UNI210
100843,BUS101
100843,MATH121
100843,MATH123
100843,UNI205
100843,MATH122
100844,MATH142
100844,MATH143
100844,UNI208
100844,BUS141
100844,UNI209
100844,MATH141
100845,MATH101
100845,MATH103
100845,UNI202
100845,MATH102
100845,UNI211
100846,BUS101
100846,MATH121
100846,MATH123
100846,UNI211
100846,MATH122
100846,UNI204
100847,MATH162
100847,UNI210
100847,BUS141
100847,UNI212
100847,MATH161
100847,MATH163
100848,BUS101
100848,MATH142
100848,MATH143
100848,UNI203
100848,UNI207
100848,MATH141
100849,MATH162
100849,UNI212
100849,MATH161
100849,MATH163
100849,UNI211
100850,UNI206
100850,MATH121
100850,MATH123
100850,UNI205
100850,MATH122
100851,MATH162
100851,UNI210
100851,BUS121
100851,UNI212
100851,MATH161
100851,MATH163
100852,MATH162
100852,BUS141
100852,MATH161
100852,MATH163
100852,UNI201
100852,UNI209
100853,MATH162
100853,UNI210
100853,MATH161
100853,MATH163
100853,UNI211
100854,MATH162
100854,UNI207
100854,MATH161
100854,MATH163
100854,UNI211
100855,MATH142
100855,MATH143
100855,BUS141
100855,UNI203
100855,UNI209
100855,MATH141
100856,MATH101
100856,MATH103
100856,UNI208
100856,MATH102
100856,UNI211
100857,BUS101
100857,UNI212
100857,MATH142
100857,MATH143
100857,UNI207
100857,MATH141
100858,MATH101
100858,MATH103
100858,UNI207
100858,MATH102
100858,UNI209
100859,UNI209
100859,MATH142
100859,MATH143
100859,UNI207
100859,MATH141
100860,MATH101
100860,MATH103
100860,UNI202
100860,MATH102
100860,UNI203
100861,UNI204
100861,BUS141
100861,MATH121
100861,MATH123
100861,MATH122
100861,UNI211
100862,BUS101
100862,MATH121
100862,MATH123
100862,UNI207
100862,MATH122
100862,UNI204
100863,MATH162
100863,UNI210
100863,UNI202
100863,MATH161
100863,MATH163
100864,UNI206
100864,MATH121
100864,MATH123
100864,UNI205
100864,MATH122
100865,MATH162
100865,UNI210
100865,BUS121
100865,UNI212
100865,MATH161
100865,MATH163
100866,MATH162
100866,UNI212
100866,MATH161
100866,MATH163
100866,UNI211
100867,BUS121
100867,MATH121
100867,MATH123
100867,UNI207
100867,MATH122
100867,UNI204
100868,BUS121
100868,MATH142
100868,MATH143
100868,UNI201
100868,UNI207
100868,MATH141
100869,MATH162
100869,BUS101
100869,MATH161
100869,MATH163
100869,UNI204
100869,UNI205
100870,MATH101
100870,MATH103
100870,UNI205
100870,MATH102
100870,UNI203
100871,UNI202
100871,MATH142
100871,MATH143
100871,UNI208
100871,MATH141
100872,MATH101
100872,MATH103
100872,UNI210
100872,UNI207
100872,MATH102
100872,BUS141
100873,UNI206
100873,MATH142
100873,MATH143
100873,UNI208
100873,BUS141
100873,MATH141
100874,BUS141
100874,MATH121
100874,MATH123
100874,UNI207
100874,MATH122
100874,UNI204
100875,BUS141
100875,UNI206
100875,MATH121
100875,MATH123
100875,MATH122
100875,UNI204
100876,MATH162
100876,BUS121
100876,UNI207
100876,MATH161
100876,MATH163
100876,UNI204
100877,MATH162
100877,UNI212
100877,MATH161
100877,MATH163
100877,UNI211
100878,MATH162
100878,UNI210
100878,BUS141
100878,MATH161
100878,MATH163
100878,UNI211
100879,MATH121
100879,MATH123
100879,MATH122
100879,UNI201
100879,UNI209
100880,MATH162
100880,BUS141
100880,UNI211
100880,MATH161
100880,MATH163
100880,UNI204
100881,BUS101
100881,MATH121
100881,MATH123
100881,UNI205
100881,MATH122
100881,UNI204
100882,MATH101
100882,MATH103
100882,BUS101
100882,UNI202
100882,MATH102
100882,UNI211
100883,BUS141
100883,MATH121
100883,MATH123
100883,MATH122
100883,UNI201
100883,UNI204
100884,UNI206
100884,BUS121
100884,MATH121
100884,MATH123
100884,MATH122
100884,UNI209
100885,BUS101
100885,MATH142
100885,MATH143
100885,UNI208
100885,UNI204
100885,MATH141
100886,BUS121
100886,UNI212
100886,MATH142
100886,MATH143
100886,UNI208
100886,MATH141
100887,MATH162
100887,BUS121
100887,UNI207
100887,MATH161
100887,MATH163
100887,UNI211
100888,BUS121
100888,MATH142
100888,MATH143
100888,UNI208
100888,UNI209
100888,MATH141
100889,BUS101
100889,MATH121
100889,MATH123
100889,UNI207
100889,MATH122
100889,UNI204
100890,MATH101
100890,MATH103
100890,UNI208
100890,MATH102
100890,BUS141
100890,UNI201
100891,MATH101
100891,MATH103
100891,UNI202
100891,MATH102
100891,UNI201
100892,MATH101
100892,MATH103
100892,UNI202
100892,MATH102
100892,UNI204
100893,MATH121
100893,MATH123
100893,UNI205
100893,MATH122
100893,UNI204
100894,MATH162
100894,UNI210
100894,MATH161
100894,MATH163
100894,UNI211
100895,MATH162
100895,BUS141
100895,UNI212
100895,UNI207
100895,MATH161
100895,MATH163
100896,MATH162
100896,BUS121
100896,UNI211
100896,MATH161
100896,MATH163
100896,UNI204
100897,MATH121
100897,MATH123
100897,UNI205
100897,MATH122
100897,UNI204
100898,UNI206
100898,MATH121
100898,MATH123
100898,MATH122
100898,UNI201
100899,MATH162
100899,UNI212
100899,MATH161
100899,MATH163
100899,UNI205
100900,BUS142
100900,BUS143
100900,UNI205
100900,BUS141
100900,UNI209
100901,UNI206
100901,BUS123
100901,BUS121
100901,UNI204
100901,BUS122
100902,BUS161
100902,BUS163
100902,UNI212
100902,UNI207
100902,BUS162
100903,UNI210
100903,BUS161
100903,BUS163
100903,BUS162
100903,UNI211
100904,BUS123
100904,BUS121
100904,UNI205
100904,UNI209
100904,BUS122
100905,BUS102
100905,BUS101
100905,UNI207
100905,UNI205
100905,BUS103
100906,BUS102
100906,BUS101
100906,UNI201
100906,BUS103
100906,UNI211
100907,BUS142
100907,BUS143
100907,UNI207
100907,BUS141
100907,UNI209
100908,BUS161
100908,BUS163
100908,UNI208
100908,UNI212
100908,BUS162
100909,BUS102
100909,BUS101
100909,UNI201
100909,BUS103
100909,UNI203
100910,BUS142
100910,BUS143
100910,UNI208
100910,BUS141
100910,UNI203
100911,BUS102
100911,BUS101
100911,UNI201
100911,UNI212
100911,BUS103
100912,UNI202
100912,BUS123
100912,BUS121
100912,UNI205
100912,BUS122
100913,BUS123
100913,BUS121
100913,UNI201
100913,UNI204
100913,BUS122
100914,BUS161
100914,BUS163
100914,UNI212
100914,BUS162
100914,UNI205
100915,BUS102
100915,BUS101
100915,UNI201
100915,UNI202
100915,BUS103
100916,UNI206
100916,BUS123
100916,BUS121
100916,UNI202
100916,BUS122
100917,BUS142
100917,BUS143
100917,UNI207
100917,BUS141
100917,UNI201
100918,UNI206
100918,BUS123
100918,BUS121
100918,UNI204
100918,BUS122
100919,UNI206
100919,BUS123
100919,BUS121
100919,UNI204
100919,BUS122
100920,BUS142
100920,BUS143
100920,BUS141
100920,UNI201
100920,UNI209
100921,BUS123
100921,BUS121
100921,UNI205
100921,UNI204
100921,BUS122
100922,BUS142
100922,BUS143
100922,UNI207
100922,UNI208
100922,BUS141
100923,BUS102
100923,BUS101
100923,UNI201
100923,BUS103
100923,UNI211
100924,BUS102
100924,BUS101
100924,UNI206
100924,BUS103
100924,UNI203
100925,UNI206
100925,BUS123
100925,BUS121
100925,UNI205
100925,BUS122
100926,UNI202
100926,BUS142
100926,BUS143
100926,UNI208
100926,BUS141
100927,BUS161
100927,BUS163
100927,UNI208
100927,BUS162
100927,UNI211
100928,UNI206
100928,BUS142
100928,BUS143
100928,UNI208
100928,BUS141
100929,UNI210
100929,BUS161
100929,BUS163
100929,UNI208
100929,BUS162
100930,BUS161
100930,BUS163
100930,UNI207
100930,BUS162
100930,UNI211
100931,UNI208
100931,BUS142
100931,BUS143
100931,UNI202
100931,BUS141
100932,UNI209
100932,BUS142
100932,BUS143
100932,BUS141
100932,UNI204
100933,BUS102
100933,BUS101
100933,UNI201
100933,UNI212
100933,BUS103
100934,BUS102
100934,BUS101
100934,UNI201
100934,UNI205
100934,BUS103
100935,BUS123
100935,BUS121
100935,UNI205
100935,UNI204
100935,BUS122
100936,UNI210
100936,BUS161
100936,BUS163
100936,UNI212
100936,BUS162
100937,BUS142
100937,BUS143
100937,UNI207
100937,BUS141
100937,UNI211
100938,BUS123
100938,BUS121
100938,UNI207
100938,UNI203
100938,BUS122
100939,BUS142
100939,BUS143
100939,UNI207
100939,UNI208
100939,BUS141
100940,BUS102
100940,BUS101
100940,UNI201
100940,UNI202
100940,BUS103
100941,BUS102
100941,BUS101
100941,UNI202
100941,BUS103
100941,UNI203
100942,BUS161
100942,BUS163
100942,UNI212
100942,BUS162
100942,UNI211
100943,BUS123
100943,BUS121
100943,UNI205
100943,UNI204
100943,BUS122
100944,BUS123
100944,BUS121
100944,UNI202
100944,UNI204
100944,BUS122
100945,UNI208
100945,BUS142
100945,BUS143
100945,UNI202
100945,BUS141
100946,UNI206
100946,BUS142
100946,BUS143
100946,UNI208
100946,BUS141
100947,BUS161
100947,BUS163
100947,UNI212
100947,BUS162
100947,UNI211
100948,BUS161
100948,BUS163
100948,UNI212
100948,UNI207
100948,BUS162
100949,BUS102
100949,BUS101
100949,UNI202
100949,BUS103
100949,UNI203
100950,BUS102
100950,BUS101
100950,UNI205
100950,BUS103
100950,UNI204
100951,UNI206
100951,BUS123
100951,BUS121
100951,UNI203
100951,BUS122
100952,BUS102
100952,BUS101
100952,UNI210
100952,UNI206
100952,BUS103
100953,BUS102
100953,BUS101
100953,UNI208
100953,UNI205
100953,BUS103
100954,BUS161
100954,BUS163
100954,UNI207
100954,BUS162
100954,UNI211
100955,BUS161
100955,BUS163
100955,BUS162
100955,UNI203
100955,UNI211
100956,BUS102
100956,BUS101
100956,UNI202
100956,UNI205
100956,BUS103
100957,BUS142
100957,BUS143
100957,UNI208
100957,BUS141
100957,UNI201
100958,BUS123
100958,BUS121
100958,UNI205
100958,UNI204
100958,BUS122
100959,BUS102
100959,BUS101
100959,UNI201
100959,BUS103
100959,UNI203
100960,BUS161
100960,BUS163
100960,UNI207
100960,BUS162
100960,UNI211
100961,UNI210
100961,BUS123
100961,BUS121
100961,UNI205
100961,BUS122
100962,BUS161
100962,BUS163
100962,UNI212
100962,BUS162
100962,UNI203
100963,BUS102
100963,BUS101
100963,UNI202
100963,BUS103
100963,UNI205
100964,UNI210
100964,BUS161
100964,BUS163
100964,BUS162
100964,UNI201
100965,BUS142
100965,BUS143
100965,UNI208
100965,BUS141
100965,UNI211
100966,BUS142
100966,BUS143
100966,UNI207
100966,UNI202
100966,BUS141
100967,BUS142
100967,BUS143
100967,UNI202
100967,BUS141
100967,UNI201
100968,UNI206
100968,BUS123
100968,BUS121
100968,UNI207
100968,BUS122
100969,UNI202
100969,BUS123
100969,BUS121
100969,UNI205
100969,BUS122
100970,BUS102
100970,BUS101
100970,UNI210
100970,UNI202
100970,BUS103
100971,UNI210
100971,BUS161
100971,BUS163
100971,BUS162
100971,UNI211
100972,UNI206
100972,BUS161
100972,BUS163
100972,UNI212
100972,BUS162
100973,BUS102
100973,BUS101
100973,UNI202
100973,UNI208
100973,BUS103
100974,UNI210
100974,BUS123
100974,BUS121
100974,UNI212
100974,BUS122
100975,UNI202
100975,BUS161
100975,BUS163
100975,UNI212
100975,BUS162
100976,BUS123
100976,BUS121
100976,UNI208
100976,UNI205
100976,BUS122
100977,BUS102
100977,BUS101
100977,UNI201
100977,UNI202
100977,BUS103
100978,BUS102
100978,BUS101
100978,UNI207
100978,BUS103
100978,UNI203
100979,BUS102
100979,BUS101
100979,UNI202
100979,BUS103
100979,UNI211
100980,BUS142
100980,BUS143
100980,UNI207
100980,UNI208
100980,BUS141
100981,BUS161
100981,BUS163
100981,UNI212
100981,BUS162
100981,UNI203
100982,UNI206
100982,BUS123
100982,BUS121
100982,UNI201
100982,BUS122
100983,BUS142
100983,BUS143
100983,UNI208
100983,BUS141
100983,UNI209
100984,UNI206
100984,BUS123
100984,BUS121
100984,UNI209
100984,BUS122
100985,UNI208
100985,BUS142
100985,BUS143
100985,UNI202
100985,BUS141
100986,BUS102
100986,BUS101
100986,UNI201
100986,UNI202
100986,BUS103
100987,BUS123
100987,BUS121
100987,UNI205
100987,UNI209
100987,BUS122
100988,BUS102
100988,BUS101
100988,UNI210
100988,UNI201
100988,BUS103
100989,BUS161
100989,BUS163
100989,UNI212
100989,BUS162
100989,UNI209
100990,BUS102
100990,BUS101
100990,UNI201
100990,UNI202
100990,BUS103
100991,BUS102
100991,BUS101
100991,UNI201
100991,BUS103
100991,UNI204
100992,BUS102
100992,BUS101
100992,UNI210
100992,BUS103
100992,UNI203
100993,UNI210
100993,BUS142
100993,BUS143
100993,UNI207
100993,BUS141
100994,UNI208
100994,BUS142
100994,BUS143
100994,UNI205
100994,BUS141
100995,UNI202
100995,BUS123
100995,BUS121
100995,UNI208
100995,BUS122
100996,BUS102
100996,BUS101
100996,UNI201
100996,UNI202
100996,BUS103
100997,UNI209
100997,BUS142
100997,BUS143
100997,BUS141
100997,UNI211
100998,BUS142
100998,BUS143
100998,UNI208
100998,BUS141
100998,UNI209
100999,BUS161
100999,BUS163
100999,UNI212
100999,BUS162
100999,UNI211
101000,BUS142
101000,BUS143
101000,UNI207
101000,BUS141
101000,UNI201
101001,BUS123
101001,BUS121
101001,UNI205
101001,UNI209
101001,BUS122
101002,UNI206
101002,BUS142
101002,BUS143
101002,UNI208
101002,BUS141
101003,BUS102
101003,BUS101
101003,UNI201
101003,UNI202
101003,BUS103
101004,BUS102
101004,BUS101
101004,UNI202
101004,BUS103
101004,UNI203
101005,BUS123
101005,BUS121
101005,UNI205
101005,UNI203
101005,BUS122
101006,BUS142
101006,BUS143
101006,UNI202
101006,BUS141
101006,UNI209
101007,BUS123
101007,BUS121
101007,UNI212
101007,UNI204
101007,BUS122
101008,BUS161
101008,BUS163
101008,BUS162
101008,UNI201
101008,UNI211
101009,BUS123
101009,BUS121
101009,UNI205
101009,UNI204
101009,BUS122
101010,BUS142
101010,BUS143
101010,UNI207
101010,BUS141
101010,UNI203
101011,BUS142
101011,BUS143
101011,UNI208
101011,BUS141
101011,UNI209
101012,BUS102
101012,BUS101
101012,UNI201
101012,UNI207
101012,BUS103
101013,BUS102
101013,BUS101
101013,UNI210
101013,BUS103
101013,UNI204
101014,UNI210
101014,BUS161
101014,BUS163
101014,BUS162
101014,UNI211
101015,BUS142
101015,BUS143
101015,UNI208
101015,BUS141
101015,UNI209
101016,UNI210
101016,BUS161
101016,BUS163
101016,UNI212
101016,BUS162
101017,UNI206
101017,BUS123
101017,BUS121
101017,UNI202
101017,BUS122
101018,BUS142
101018,BUS143
101018,UNI207
101018,BUS141
101018,UNI209
101019,BUS161
101019,BUS163
101019,BUS162
101019,UNI211
101019,UNI205
101020,BUS161
101020,BUS163
101020,UNI212
101020,BUS162
101020,UNI211
101021,UNI206
101021,BUS123
101021,BUS121
101021,UNI209
101021,BUS122
101022,BUS161
101022,BUS163
101022,UNI207
101022,BUS162
101022,UNI201
101023,UNI212
101023,BUS142
101023,BUS143
101023,UNI207
101023,BUS141
101024,BUS102
101024,BUS101
101024,UNI212
101024,BUS103
101024,UNI209
101025,BUS102
101025,BUS101
101025,UNI210
101025,UNI202
101025,BUS103
101026,BUS123
101026,BUS121
101026,UNI202
101026,UNI203
101026,BUS122
101027,BUS102
101027,BUS101
101027,UNI201
101027,UNI202
101027,BUS103
101028,BUS102
101028,BUS101
101028,UNI206
101028,UNI202
101028,BUS103
101029,UNI210
101029,BUS161
101029,BUS163
101029,BUS162
101029,UNI205
101030,BUS102
101030,BUS101
101030,UNI210
101030,UNI201
101030,BUS103
101031,UNI206
101031,BUS123
101031,BUS121
101031,UNI205
101031,BUS122
101032,BUS102
101032,BUS101
101032,UNI201
101032,UNI208
101032,BUS103
101033,UNI210
101033,BUS123
101033,BUS121
101033,UNI204
101033,BUS122
101034,BUS142
101034,BUS143
101034,UNI207
101034,BUS141
101034,UNI209
101035,UNI206
101035,BUS142
101035,BUS143
101035,BUS141
101035,UNI201
101036,BUS123
101036,BUS121
101036,UNI202
101036,UNI204
101036,BUS122
101037,UNI206
101037,BUS123
101037,BUS121
101037,UNI207
101037,BUS122
101038,BUS123
101038,BUS121
101038,UNI205
101038,UNI204
101038,BUS122
101039,BUS161
101039,BUS163
101039,UNI212
101039,BUS162
101039,UNI211
101040,BUS161
101040,BUS163
101040,UNI212
101040,BUS162
101040,UNI209
101041,BUS142
101041,BUS143
101041,BUS141
101041,UNI203
101041,UNI209
101042,UNI206
101042,BUS142
101042,BUS143
101042,UNI207
101042,BUS141
101043,BUS102
101043,BUS101
101043,UNI205
101043,BUS103
101043,UNI203
101044,BUS142
101044,BUS143
101044,UNI207
101044,BUS141
101044,UNI209
101045,UNI206
101045,BUS123
101045,BUS121
101045,UNI205
101045,BUS122
101046,BUS102
101046,BUS101
101046,UNI208
101046,BUS103
101046,UNI209
101047,UNI210
101047,BUS161
101047,BUS163
101047,BUS162
101047,UNI209
101048,BUS142
101048,BUS143
101048,UNI207
101048,UNI208
101048,BUS141
101049,BUS102
101049,BUS101
101049,UNI206
101049,UNI202
101049,BUS103
101050,UNI206
101050,BUS123
101050,BUS121
101050,UNI205
101050,BUS122
101051,BUS102
101051,BUS101
101051,UNI201
101051,UNI208
101051,BUS103
101052,BUS102
101052,BUS101
101052,UNI202
101052,BUS103
101052,UNI204
101053,BUS123
101053,BUS121
101053,UNI203
101053,UNI204
101053,BUS122
101054,UNI209
101054,BUS142
101054,BUS143
101054,BUS141
101054,UNI204
101055,BUS142
101055,BUS143
101055,UNI208
101055,BUS141
101055,UNI204
101056,BUS102
101056,BUS101
101056,UNI201
101056,UNI202
101056,BUS103
101057,BUS123
101057,BUS121
101057,UNI207
101057,UNI203
101057,BUS122
101058,BUS102
101058,BUS101
101058,UNI207
101058,UNI202
101058,BUS103
101059,BUS102
101059,BUS101
101059,UNI201
101059,BUS103
101059,UNI203
101060,UNI210
101060,BUS161
101060,BUS163
101060,BUS162
101060,UNI211
101061,BUS102
101061,BUS101
101061,UNI201
101061,BUS103
101061,UNI203
101062,UNI206
101062,BUS123
101062,BUS121
101062,UNI211
101062,BUS122
101063,BUS123
101063,BUS121
101063,UNI205
101063,UNI204
101063,BUS122
101064,UNI206
101064,BUS161
101064,BUS163
101064,UNI212
101064,BUS162
101065,BUS123
101065,BUS121
101065,UNI201
101065,UNI211
101065,BUS122
101066,BUS161
101066,BUS163
101066,UNI208
101066,UNI212
101066,BUS162
101067,BUS102
101067,BUS101
101067,UNI201
101067,UNI205
101067,BUS103
101068,UNI202
101068,BUS161
101068,BUS163
101068,BUS162
101068,UNI211
101069,BUS123
101069,BUS121
101069,UNI212
101069,UNI204
101069,BUS122
101070,BUS102
101070,BUS101
101070,UNI201
101070,UNI205
101070,BUS103
101071,UNI202
101071,BUS161
101071,BUS163
101071,UNI207
101071,BUS162
101072,BUS142
101072,BUS143
101072,UNI208
101072,BUS141
101072,UNI204
101073,BUS142
101073,BUS143
101073,UNI202
101073,BUS141
101073,UNI209
101074,UNI206
101074,BUS123
101074,BUS121
101074,UNI205
101074,BUS122
101075,BUS123
101075,BUS121
101075,UNI203
101075,UNI204
101075,BUS122
101076,BUS102
101076,BUS101
101076,UNI206
101076,BUS103
101076,UNI203
101077,BUS142
101077,BUS143
101077,UNI202
101077,BUS141
101077,UNI209
101078,BUS123
101078,BUS121
101078,UNI205
101078,UNI203
101078,BUS122
101079,UNI206
101079,BUS123
101079,BUS121
101079,UNI204
101079,BUS122
101080,BUS102
101080,BUS101
101080,UNI212
101080,BUS103
101080,UNI203
101081,UNI210
101081,BUS161
101081,BUS163
101081,UNI212
101081,BUS162
101082,BUS123
101082,BUS121
101082,UNI212
101082,UNI205
101082,BUS122
101083,BUS142
101083,BUS143
101083,UNI207
101083,UNI208
101083,BUS141
101084,BUS102
101084,BUS101
101084,UNI202
101084,BUS103
101084,UNI204
101085,BUS123
101085,BUS121
101085,UNI205
101085,UNI209
101085,BUS122
101086,BUS161
101086,BUS163
101086,UNI212
101086,BUS162
101086,UNI204
101087,UNI206
101087,BUS123
101087,BUS121
101087,UNI202
101087,BUS122
101088,BUS102
101088,BUS101
101088,UNI201
101088,UNI202
101088,BUS103
101089,UNI206
101089,BUS123
101089,BUS121
101089,UNI203
101089,BUS122
101090,UNI202
101090,UNI210
101090,BUS161
101090,BUS163
101090,BUS162
101091,UNI210
101091,UNI206
101091,BUS123
101091,BUS121
101091,BUS122
101092,BUS123
101092,BUS121
101092,UNI205
101092,UNI204
101092,BUS122
101093,BUS102
101093,BUS101
101093,UNI206
101093,UNI205
101093,BUS103
101094,UNI206
101094,BUS123
101094,BUS121
101094,UNI205
101094,BUS122
101095,UNI210
101095,BUS142
101095,BUS143
101095,UNI207
101095,BUS141
101096,BUS161
101096,BUS163
101096,UNI212
101096,BUS162
101096,UNI205
101097,BUS142
101097,BUS143
101097,UNI207
101097,UNI205
101097,BUS141
101098,BUS123
101098,BUS121
101098,UNI207
101098,UNI211
101098,BUS122
101099,UNI210
101099,BUS161
101099,BUS163
101099,UNI207
101099,BUS162
101100,BUS142
101100,BUS143
101100,UNI208
101100,BUS141
101100,UNI203
101101,BUS123
101101,BUS121
101101,UNI205
101101,UNI203
101101,BUS122
101102,BUS142
101102,BUS143
101102,UNI208
101102,BUS141
101102,UNI201
101103,BUS102
101103,BUS101
101103,UNI207
101103,UNI202
101103,BUS103
101104,BUS102
101104,BUS101
101104,UNI202
101104,BUS103
101104,UNI203
101105,BUS142
101105,BUS143
101105,UNI208
101105,BUS141
101105,UNI209
101106,BUS102
101106,BUS101
101106,UNI210
101106,UNI202
101106,BUS103
101107,BUS142
101107,BUS143
101107,UNI207
101107,BUS141
101107,UNI209
101108,UNI208
101108,BUS142
101108,BUS143
101108,UNI202
101108,BUS141
101109,BUS102
101109,BUS101
101109,UNI210
101109,UNI202
101109,BUS103
101110,BUS102
101110,BUS101
101110,UNI202
101110,BUS103
101110,UNI209
101111,UNI210
101111,BUS123
101111,BUS121
101111,UNI208
101111,BUS122
101112,UNI206
101112,BUS142
101112,BUS143
101112,UNI207
101112,BUS141
101113,BUS102
101113,BUS101
101113,UNI202
101113,BUS103
101113,UNI209
101114,UNI202
101114,BUS161
101114,BUS163
101114,BUS162
101114,UNI211
101115,BUS161
101115,BUS163
101115,UNI207
101115,BUS162
101115,UNI203
101116,UNI210
101116,BUS161
101116,BUS163
101116,BUS162
101116,UNI201
101117,UNI206
101117,BUS123
101117,BUS121
101117,UNI205
101117,BUS122
101118,BUS102
101118,BUS101
101118,UNI202
101118,BUS103
101118,UNI211
101119,BUS102
101119,BUS101
101119,BUS103
101119,UNI204
101119,UNI203
101120,BUS102
101120,BUS101
101120,UNI206
101120,UNI201
101120,BUS103
101121,BUS123
101121,BUS121
101121,UNI202
101121,UNI204
101121,BUS122
101122,BUS102
101122,BUS101
101122,UNI207
101122,BUS103
101122,UNI203
101123,BUS142
101123,BUS143
101123,BUS141
101123,UNI203
101123,UNI209
101124,UNI210
101124,BUS161
101124,BUS163
101124,BUS162
101124,UNI211
101125,BUS123
101125,BUS121
101125,UNI202
101125,UNI204
101125,BUS122
101126,BUS123
101126,BUS121
101126,UNI205
101126,UNI204
101126,BUS122
101127,UNI210
101127,BUS142
101127,BUS143
101127,UNI202
101127,BUS141
101128,UNI202
101128,BUS161
101128,BUS163
101128,UNI212
101128,BUS162
101129,BUS142
101129,BUS143
101129,UNI211
101129,BUS141
101129,UNI209
101130,BUS123
101130,BUS121
101130,UNI208
101130,UNI204
101130,BUS122
101131,BUS161
101131,BUS163
101131,UNI212
101131,BUS162
101131,UNI204
101132,BUS161
101132,BUS163
101132,UNI212
101132,BUS162
101132,UNI209
101133,UNI212
101133,BUS142
101133,BUS143
101133,UNI207
101133,BUS141
101134,BUS102
101134,BUS101
101134,UNI210
101134,UNI202
101134,BUS103
101135,UNI210
101135,UNI202
101135,BUS161
101135,BUS163
101135,BUS162
101136,BUS102
101136,BUS101
101136,BUS103
101136,UNI204
101136,UNI203
101137,BUS142
101137,BUS143
101137,UNI202
101137,BUS141
101137,UNI209
101138,BUS102
101138,BUS101
101138,UNI208
101138,BUS103
101138,UNI203
101139,BUS161
101139,BUS163
101139,UNI212
101139,BUS162
101139,UNI204
101140,BUS102
101140,BUS101
101140,UNI212
101140,BUS103
101140,UNI203
101141,UNI206
101141,BUS123
101141,BUS121
101141,UNI204
101141,BUS122
101142,UNI210
101142,BUS142
101142,BUS143
101142,BUS141
101142,UNI211
101143,BUS102
101143,BUS101
101143,UNI212
101143,UNI202
101143,BUS103
101144,UNI202
101144,BUS161
101144,BUS163
101144,UNI212
101144,BUS162
101145,BUS142
101145,BUS143
101145,UNI208
101145,BUS141
101145,UNI203
101146,UNI206
101146,BUS123
101146,BUS121
101146,UNI205
101146,BUS122
101147,BUS142
101147,BUS143
101147,UNI207
101147,BUS141
101147,UNI209
101148,UNI206
101148,BUS123
101148,BUS121
101148,UNI203
101148,BUS122
101149,BUS161
101149,BUS163
101149,UNI212
101149,BUS162
101149,UNI211
101150,UNI210
101150,BUS161
101150,BUS163
101150,BUS162
101150,UNI205
101151,UNI210
101151,BUS161
101151,BUS163
101151,UNI212
101151,BUS162
101152,BUS161
101152,BUS163
101152,UNI212
101152,UNI207
101152,BUS162
101153,UNI206
101153,BUS123
101153,BUS121
101153,UNI204
101153,BUS122
101154,BUS123
101154,BUS121
101154,UNI212
101154,UNI211
101154,BUS122
101155,UNI203
101155,BUS123
101155,BUS121
101155,UNI201
101155,BUS122
101156,UNI202
101156,BUS161
101156,BUS163
101156,BUS162
101156,UNI204
101157,UNI210
101157,UNI206
101157,BUS123
101157,BUS121
101157,BUS122
101158,BUS142
101158,BUS143
101158,UNI207
101158,BUS141
101158,UNI209
101159,BUS102
101159,BUS101
101159,UNI201
101159,BUS103
101159,UNI203
101160,UNI210
101160,BUS161
101160,BUS163
101160,BUS162
101160,UNI211
101161,UNI210
101161,BUS142
101161,BUS143
101161,UNI207
101161,BUS141
101162,BUS102
101162,BUS101
101162,UNI201
101162,UNI202
101162,BUS103
101163,UNI210
101163,BUS161
101163,BUS163
101163,BUS162
101163,UNI211
101164,UNI204
101164,BUS123
101164,BUS121
101164,UNI209
101164,BUS122
101165,BUS102
101165,BUS101
101165,UNI206
101165,UNI201
101165,BUS103
101166,BUS102
101166,BUS101
101166,UNI201
101166,BUS103
101166,UNI209
101167,UNI210
101167,BUS142
101167,BUS143
101167,UNI207
101167,BUS141
101168,BUS161
101168,BUS163
101168,UNI212
101168,BUS162
101168,UNI203
101169,BUS161
101169,BUS163
101169,UNI211
101169,BUS162
101169,UNI204
101170,BUS142
101170,BUS143
101170,BUS141
101170,UNI203
101170,UNI209
101171,BUS161
101171,BUS163
101171,UNI212
101171,BUS162
101171,UNI203
101172,UNI210
101172,BUS142
101172,BUS143
101172,UNI208
101172,BUS141
101173,UNI204
101173,BUS161
101173,BUS163
101173,BUS162
101173,UNI211
101174,BUS102
101174,BUS101
101174,UNI210
101174,UNI202
101174,BUS103
101175,BUS142
101175,BUS143
101175,UNI207
101175,UNI205
101175,BUS141
101176,BUS102
101176,BUS101
101176,UNI208
101176,UNI202
101176,BUS103
101177,UNI202
101177,BUS142
101177,BUS143
101177,UNI205
101177,BUS141
101178,BUS142
101178,BUS143
101178,UNI207
101178,UNI202
101178,BUS141
101179,BUS102
101179,BUS101
101179,UNI208
101179,BUS103
101179,UNI203
101180,UNI206
101180,BUS123
101180,BUS121
101180,UNI208
101180,BUS122
101181,BUS142
101181,BUS143
101181,UNI208
101181,BUS141
101181,UNI209
101182,BUS123
101182,BUS121
101182,UNI209
101182,UNI204
101182,BUS122
101183,UNI210
101183,BUS161
101183,BUS163
101183,BUS162
101183,UNI211
101184,BUS102
101184,BUS101
101184,UNI202
101184,UNI205
101184,BUS103
101185,UNI206
101185,BUS123
101185,BUS121
101185,UNI204
101185,BUS122
101186,BUS102
101186,BUS101
101186,UNI202
101186,BUS103
101186,UNI203
101187,BUS142
101187,BUS143
101187,UNI207
101187,BUS141
101187,UNI209
101188,UNI209
101188,BUS142
101188,BUS143
101188,BUS141
101188,UNI211
101189,UNI202
101189,UNI210
101189,BUS161
101189,BUS163
101189,BUS162
101190,UNI206
101190,BUS123
101190,BUS121
101190,UNI212
101190,BUS122
101191,UNI210
101191,BUS161
101191,BUS163
101191,BUS162
101191,UNI211
101192,UNI212
101192,BUS142
101192,BUS143
101192,UNI202
101192,BUS141
101193,BUS142
101193,BUS143
101193,UNI208
101193,BUS141
101193,UNI203
101194,BUS102
101194,BUS101
101194,UNI206
101194,BUS103
101194,UNI203
101195,UNI210
101195,BUS123
101195,BUS121
101195,UNI201
101195,BUS122
101196,UNI206
101196,BUS123
101196,BUS121
101196,UNI208
101196,BUS122
101197,BUS142
101197,BUS143
101197,UNI208
101197,BUS141
101197,UNI211
101198,BUS102
101198,BUS101
101198,UNI201
101198,UNI212
101198,BUS103
101199,BUS123
101199,BUS121
101199,UNI208
101199,UNI205
101199,BUS122
